SET FOREIGN_KEY_CHECKS=0;
SET SQL_MODE = "NO_AUTO_VALUE_ON_ZERO";
START TRANSACTION;
SET time_zone = "+00:00";

/*!40101 SET @OLD_CHARACTER_SET_CLIENT=@@CHARACTER_SET_CLIENT */;
/*!40101 SET @OLD_CHARACTER_SET_RESULTS=@@CHARACTER_SET_RESULTS */;
/*!40101 SET @OLD_COLLATION_CONNECTION=@@COLLATION_CONNECTION */;
/*!40101 SET NAMES utf8mb4 */;


INSERT INTO `brand` (`id`, `name`) VALUES
('60ba1478-0234-11ee-bec1-7085c296afc1', 'Coca-Cola'),
('60ba1d23-0234-11ee-bec1-7085c296afc1', 'El Huerto');

INSERT INTO `categories` (`id`, `name`, `description`, `categoryMainCategory_id`) VALUES
('1e0dc899-0237-11ee-bec1-7085c296afc1', 'Res', 'Categoría para productos cárnicos', 'fe390fda-0236-11ee-bec1-7085c296afc1'),
('1e0dcdc5-0237-11ee-bec1-7085c296afc1', 'Cerdo', 'Productos cárnicos de cerdo', 'fe390fda-0236-11ee-bec1-7085c296afc1'),
('8c7f9907-0c23-11ee-9dc3-7085c296afc1', 'Bebidas', 'Categoria para seccionar bebidas', 'ed7c31ee-0236-11ee-bec1-7085c296afc1'),
('9f4760c8-0c23-11ee-9dc3-7085c296afc1', 'Gaseosas', 'Seccion de Bebidas Gaseosas', '8c7f9907-0c23-11ee-9dc3-7085c296afc1'),
('ed7c31ee-0236-11ee-bec1-7085c296afc1', 'Alimentos', 'Categoría para productos alimentarios', NULL),
('fe390fda-0236-11ee-bec1-7085c296afc1', 'Carnes', 'Categoría para productos cárnicos', 'ed7c31ee-0236-11ee-bec1-7085c296afc1');

INSERT INTO `companies` (`id`, `name`, `nit`, `address`, `phoneNumber`, `email`, `website`, `economic_activity`, `source`, `quantity_employees`) VALUES
('1355415b-ed45-49fa-8aef-e1184f52b1da', 'Empresa Dos SAS', '12131516171', 'Cra 54 # 56-95', '+573211231456', 'miempresados@yopmail.com', 'www.miempresados.com', 'Seguridad', 'Seguridad', '1-10'),
('d21a362c-0c0e-11ee-9dc3-7085c296afc1', 'Empresa Uno SAS', '15161718192', 'Calle 47D # 80-30', '+573002001000', 'miempresauno@yopmail.com', 'www.miempresauno.com', 'Ventas', 'Ventas', '10-100');

INSERT INTO `departments` (`id`, `name`) VALUES
('0b36f994-7ea2-42b1-8baf-68e0d10fcfcf', 'Guaviare'),
('1bfcda7c-3de2-4dbb-b2f4-8daef946202b', 'Risaralda'),
('2081c689-8959-4812-89f0-d0896dc2e542', 'Boyacá'),
('20f7bfe4-70db-4647-8a35-580d9a9be2f4', 'Córdoba'),
('2d9aebe5-8a0a-4f86-9975-52d3f58b7f6f', 'Meta'),
('32f00317-0fd0-468e-9fcf-d7ad6a811b0a', 'Cesar'),
('361d3cc0-22d2-49e2-9a4c-9793db5c7290', 'Atlántico'),
('3f5c803a-b13e-4bc1-ae53-21c07fb9a786', 'Magdalena'),
('42eae913-8dfb-42b1-8f02-2b87d74d53e0', 'Vaupés'),
('46c065e1-f0b6-40c1-95f1-6d84a6178577', 'Chocó'),
('4a5de8d5-7174-4e72-8d1d-9406bcabb3dd', 'Amazonas'),
('5f760c3e-1e27-4eae-916e-3b8eac22bc21', 'Cundinamarca'),
('63b54f70-c570-4b72-bb2f-dad4ff738e0b', 'Bogotá D.C.'),
('6845e944-3c97-49b9-bf0d-6336e3e4da92', 'Putumayo'),
('6b6b252e-870f-47db-83ed-dc040d7e70f8', 'Tolima'),
('7db06e60-b1d3-4741-bd44-26d15e4e3b7b', 'Caldas'),
('888a2e46-8087-44e0-9f7a-161617d89c25', 'Archipiélago de San Andrés, Providencia y Santa Catalina'),
('912d15ed-3b42-4889-97a3-9420b512e992', 'Caquetá'),
('98a0d6d5-1cc9-4dd2-93c2-2fd29ee7b8ae', 'Bolívar'),
('ad42efc0-855e-423b-943e-95609c956c29', 'Valle del Cauca'),
('aebd9fbc-c6af-49e9-8352-7737330368eb', 'Vichada'),
('b062e57e-42e0-446d-8923-0454c70a9d85', 'Antioquia'),
('b0b3f71e-f3ad-416d-9d66-1f66ef4ab8a4', 'Nariño'),
('b4a010fe-35af-41c7-8f11-d3d5253a7be0', 'Cauca'),
('b8f5469b-0db2-47e5-8ea0-d1838ed3137a', 'Sucre'),
('c7b3d3e2-239e-42c4-91ce-7eb2e2e733a3', 'Quindío'),
('d40647bc-15b1-4e43-b5fd-3d7ef35c588e', 'Huila'),
('d6f6046c-1ef9-4577-96fd-9264561d8f8a', 'Norte de Santander'),
('e620c7c7-5477-4a5b-8165-53b4e6d542fe', 'La Guajira'),
('ee2b6b3c-2aa1-458d-bd8d-449f9ef5d1de', 'Santander'),
('f47ac10b-58cc-4372-a567-0e02b2c3d479', 'Casanare'),
('f932e5c6-10e1-4052-a335-4ad87a95c441', 'Arauca'),
('fe6b9e0c-bf25-4458-9433-ba6c7b588f01', 'Guainía');

INSERT INTO `pdvs` (`id`, `name`, `description`, `address`, `phone`, `main`, `location_id`, `company_id`) VALUES
('3e5de367-0c1c-11ee-9dc3-7085c296afc1', 'PDV Main', 'PDV Main', 'Calle 100 # 98-96', '+573225315406', 1, '25ea0975-0248-11ee-bec1-7085c296afc1', 'd21a362c-0c0e-11ee-9dc3-7085c296afc1'),
('3e5de822-0c1c-11ee-9dc3-7085c296afc1', 'PDV NoMain', 'PDV NoMain', 'Calle 100 # 98-91', '+573226065548', 0, '25ea0975-0248-11ee-bec1-7085c296afc1', 'd21a362c-0c0e-11ee-9dc3-7085c296afc1');

INSERT INTO `products` (`id`, `name`, `description`, `barCode`, `sku`, `priceSale`, `quantityStock`, `productMainProduct_id`, `category_id`, `brand_id`, `images`, `typeProduct`, `state`, `sellInNegative`, `priceBase`, `taxesOption`) VALUES
('2339afda-7f2c-4ee2-a27f-c13f188736d2', 'Quatro', 'Esta es la descripcion de la Quatro', '224511963', 'A156548C', 19500, 60, '540a9326-da3d-467a-b4db-aff047e31b31', '9f4760c8-0c23-11ee-9dc3-7085c296afc1', '60ba1478-0234-11ee-bec1-7085c296afc1', 'https://th.bing.com/th/id/OIP.BIAIQ1b7jooENmUDLQlgWQAAAA?pid=ImgDet&rs=1', 2, 1, 1, 12300, 19),
('540a9326-da3d-467a-b4db-aff047e31b31', 'Coca-Cola Zero', 'Esta es la descripcion de la Coca-Cola Zero', '121311115', 'A156548C', 25000, 100, NULL, '9f4760c8-0c23-11ee-9dc3-7085c296afc1', '60ba1478-0234-11ee-bec1-7085c296afc1', 'https://th.bing.com/th/id/OIP.bl1vfXXX42tZjAzSbw1-8gHaHa?pid=ImgDet&rs=1,https://th.bing.com/th/id/OIP._k9qWFO-FKd2V1lAoy_iDwHaHa?pid=ImgDet&rs=1', 2, 1, 1, 16000, 19);

INSERT INTO `product_pdv` (`id`, `productsId`, `pdvsId`, `quantity`, `minQuantity`) VALUES
('17a25bb8-4bdc-4969-a9a0-d228a230528e', '540a9326-da3d-467a-b4db-aff047e31b31', '3e5de367-0c1c-11ee-9dc3-7085c296afc1', 60, 10),
('7d3357c6-f412-4366-aa51-8d26743de4fc', '2339afda-7f2c-4ee2-a27f-c13f188736d2', '3e5de367-0c1c-11ee-9dc3-7085c296afc1', 30, 10),
('8842b1cf-81b8-45ee-a8d3-b0ccbf9c4b85', '540a9326-da3d-467a-b4db-aff047e31b31', '3e5de822-0c1c-11ee-9dc3-7085c296afc1', 40, 10),
('8bfa9afe-d072-459b-92c7-e3b7427c3107', '2339afda-7f2c-4ee2-a27f-c13f188736d2', '3e5de822-0c1c-11ee-9dc3-7085c296afc1', 30, 10);

INSERT INTO `profiles` (`id`, `email`, `name`, `lastname`, `dni`, `phone`, `company_id`, `photo`) VALUES
('c4b87c04-fae2-4825-978a-4f34b12c7bd3', 'user001@yopmail.com', 'Super', 'User', '1112131415', '+573002001000', '1355415b-ed45-49fa-8aef-e1184f52b1da', 'https://th.bing.com/th/id/OIP.x52_SjxdK-sG4Ed5ZjL3QQHaJQ?pid=ImgDet&rs=1');

INSERT INTO `towns` (`id`, `name`, `department_id`) VALUES
('25ea0975-0248-11ee-bec1-7085c296afc1', 'El Dovio', 'ad42efc0-855e-423b-943e-95609c956c29'),
('25ee0b80-0248-11ee-bec1-7085c296afc1', 'Roldanillo', 'ad42efc0-855e-423b-943e-95609c956c29'),
('25ef86d4-0248-11ee-bec1-7085c296afc1', 'Argelia', 'ad42efc0-855e-423b-943e-95609c956c29'),
('25f0da0c-0248-11ee-bec1-7085c296afc1', 'Sevilla', 'ad42efc0-855e-423b-943e-95609c956c29'),
('25f23510-0248-11ee-bec1-7085c296afc1', 'Zarzal', 'ad42efc0-855e-423b-943e-95609c956c29'),
('25f38984-0248-11ee-bec1-7085c296afc1', 'El Cerrito', 'ad42efc0-855e-423b-943e-95609c956c29'),
('25f4ecdc-0248-11ee-bec1-7085c296afc1', 'Cartago', 'ad42efc0-855e-423b-943e-95609c956c29'),
('25f64df2-0248-11ee-bec1-7085c296afc1', 'Caicedonia', 'ad42efc0-855e-423b-943e-95609c956c29'),
('25f7acc2-0248-11ee-bec1-7085c296afc1', 'El Cairo', 'ad42efc0-855e-423b-943e-95609c956c29'),
('25f921e5-0248-11ee-bec1-7085c296afc1', 'La Unión', 'ad42efc0-855e-423b-943e-95609c956c29'),
('25fa6a5f-0248-11ee-bec1-7085c296afc1', 'Restrepo', 'ad42efc0-855e-423b-943e-95609c956c29'),
('25fbc5d0-0248-11ee-bec1-7085c296afc1', 'Dagua', 'ad42efc0-855e-423b-943e-95609c956c29'),
('25fd1803-0248-11ee-bec1-7085c296afc1', 'Guacar', 'ad42efc0-855e-423b-943e-95609c956c29'),
('532cfbf4-0248-11ee-bec1-7085c296afc1', 'Silos', 'd6f6046c-1ef9-4577-96fd-9264561d8f8a'),
('532fb657-0248-11ee-bec1-7085c296afc1', 'Cácota', 'd6f6046c-1ef9-4577-96fd-9264561d8f8a'),
('5331247b-0248-11ee-bec1-7085c296afc1', 'Toledo', 'd6f6046c-1ef9-4577-96fd-9264561d8f8a'),
('533299c6-0248-11ee-bec1-7085c296afc1', 'Mutiscua', 'd6f6046c-1ef9-4577-96fd-9264561d8f8a'),
('5ef410e8-0248-11ee-bec1-7085c296afc1', 'El Zulia', 'd6f6046c-1ef9-4577-96fd-9264561d8f8a'),
('5ef5751b-0248-11ee-bec1-7085c296afc1', 'Salazar', 'd6f6046c-1ef9-4577-96fd-9264561d8f8a'),
('5ef6c245-0248-11ee-bec1-7085c296afc1', 'Cucutilla', 'd6f6046c-1ef9-4577-96fd-9264561d8f8a'),
('5ef83b20-0248-11ee-bec1-7085c296afc1', 'Puerto Boyacá', 'd6f6046c-1ef9-4577-96fd-9264561d8f8a'),
('5ef9c152-0248-11ee-bec1-7085c296afc1', 'Gramalote', 'd6f6046c-1ef9-4577-96fd-9264561d8f8a'),
('5efb39c9-0248-11ee-bec1-7085c296afc1', 'El Tarra', 'd6f6046c-1ef9-4577-96fd-9264561d8f8a'),
('5efc9e79-0248-11ee-bec1-7085c296afc1', 'Teorama', 'd6f6046c-1ef9-4577-96fd-9264561d8f8a'),
('5efdf8c5-0248-11ee-bec1-7085c296afc1', 'Arboledas', 'd6f6046c-1ef9-4577-96fd-9264561d8f8a'),
('ce09592c-0247-11ee-bec1-7085c296afc1', 'Medellín', 'b062e57e-42e0-446d-8923-0454c70a9d85'),
('ce0af08d-0247-11ee-bec1-7085c296afc1', 'Abejorral', 'b062e57e-42e0-446d-8923-0454c70a9d85'),
('ce0b4808-0247-11ee-bec1-7085c296afc1', 'Abriaquí', 'b062e57e-42e0-446d-8923-0454c70a9d85'),
('ce0b9bb7-0247-11ee-bec1-7085c296afc1', 'Alejandría', 'b062e57e-42e0-446d-8923-0454c70a9d85'),
('ce0bef9a-0247-11ee-bec1-7085c296afc1', 'Amagá', 'b062e57e-42e0-446d-8923-0454c70a9d85'),
('ce0c42f2-0247-11ee-bec1-7085c296afc1', 'Amalfi', 'b062e57e-42e0-446d-8923-0454c70a9d85'),
('ce0c964a-0247-11ee-bec1-7085c296afc1', 'Andes', 'b062e57e-42e0-446d-8923-0454c70a9d85'),
('ce0cede8-0247-11ee-bec1-7085c296afc1', 'Angelópolis', 'b062e57e-42e0-446d-8923-0454c70a9d85'),
('ce0d416a-0247-11ee-bec1-7085c296afc1', 'Angostura', 'b062e57e-42e0-446d-8923-0454c70a9d85'),
('ce0d94ab-0247-11ee-bec1-7085c296afc1', 'Anorí', 'b062e57e-42e0-446d-8923-0454c70a9d85'),
('ce0de9cf-0247-11ee-bec1-7085c296afc1', 'Tununguá', '2081c689-8959-4812-89f0-d0896dc2e542'),
('ce0e3cd9-0247-11ee-bec1-7085c296afc1', 'Anza', 'b062e57e-42e0-446d-8923-0454c70a9d85'),
('ce0e8fa7-0247-11ee-bec1-7085c296afc1', 'Apartadó', 'b062e57e-42e0-446d-8923-0454c70a9d85'),
('ce0ee1b6-0247-11ee-bec1-7085c296afc1', 'Arboletes', 'b062e57e-42e0-446d-8923-0454c70a9d85'),
('ce0f34a1-0247-11ee-bec1-7085c296afc1', 'Argelia', 'b062e57e-42e0-446d-8923-0454c70a9d85'),
('ce0f8755-0247-11ee-bec1-7085c296afc1', 'Armenia', 'b062e57e-42e0-446d-8923-0454c70a9d85'),
('ce0fd9f6-0247-11ee-bec1-7085c296afc1', 'Barbosa', 'b062e57e-42e0-446d-8923-0454c70a9d85'),
('ce102ce3-0247-11ee-bec1-7085c296afc1', 'Bello', 'b062e57e-42e0-446d-8923-0454c70a9d85'),
('ce108184-0247-11ee-bec1-7085c296afc1', 'Betania', 'b062e57e-42e0-446d-8923-0454c70a9d85'),
('ce10d38a-0247-11ee-bec1-7085c296afc1', 'Betulia', 'b062e57e-42e0-446d-8923-0454c70a9d85'),
('ce1126f2-0247-11ee-bec1-7085c296afc1', 'Ciudad Bolívar', 'b062e57e-42e0-446d-8923-0454c70a9d85'),
('ce117a6d-0247-11ee-bec1-7085c296afc1', 'Briceño', 'b062e57e-42e0-446d-8923-0454c70a9d85'),
('ce11cc93-0247-11ee-bec1-7085c296afc1', 'Buriticá', 'b062e57e-42e0-446d-8923-0454c70a9d85'),
('ce1222e2-0247-11ee-bec1-7085c296afc1', 'Cáceres', 'b062e57e-42e0-446d-8923-0454c70a9d85'),
('ce1275d3-0247-11ee-bec1-7085c296afc1', 'Caicedo', 'b062e57e-42e0-446d-8923-0454c70a9d85'),
('ce12c966-0247-11ee-bec1-7085c296afc1', 'Caldas', 'b062e57e-42e0-446d-8923-0454c70a9d85'),
('ce131df1-0247-11ee-bec1-7085c296afc1', 'Campamento', 'b062e57e-42e0-446d-8923-0454c70a9d85'),
('ce137144-0247-11ee-bec1-7085c296afc1', 'Cañasgordas', 'b062e57e-42e0-446d-8923-0454c70a9d85'),
('ce13c4db-0247-11ee-bec1-7085c296afc1', 'Caracolí', 'b062e57e-42e0-446d-8923-0454c70a9d85'),
('ce141710-0247-11ee-bec1-7085c296afc1', 'Caramanta', 'b062e57e-42e0-446d-8923-0454c70a9d85'),
('ce146b16-0247-11ee-bec1-7085c296afc1', 'Carepa', 'b062e57e-42e0-446d-8923-0454c70a9d85'),
('ce14be33-0247-11ee-bec1-7085c296afc1', 'Motavita', '2081c689-8959-4812-89f0-d0896dc2e542'),
('ce151101-0247-11ee-bec1-7085c296afc1', 'Carolina', 'b062e57e-42e0-446d-8923-0454c70a9d85'),
('ce1563c1-0247-11ee-bec1-7085c296afc1', 'Caucasia', 'b062e57e-42e0-446d-8923-0454c70a9d85'),
('ce15ba65-0247-11ee-bec1-7085c296afc1', 'Chigorodó', 'b062e57e-42e0-446d-8923-0454c70a9d85'),
('ce160ead-0247-11ee-bec1-7085c296afc1', 'Cisneros', 'b062e57e-42e0-446d-8923-0454c70a9d85'),
('ce166178-0247-11ee-bec1-7085c296afc1', 'Cocorná', 'b062e57e-42e0-446d-8923-0454c70a9d85'),
('ce16b3e8-0247-11ee-bec1-7085c296afc1', 'Concepción', 'b062e57e-42e0-446d-8923-0454c70a9d85'),
('ce1706ed-0247-11ee-bec1-7085c296afc1', 'Concordia', 'b062e57e-42e0-446d-8923-0454c70a9d85'),
('ce175daf-0247-11ee-bec1-7085c296afc1', 'Copacabana', 'b062e57e-42e0-446d-8923-0454c70a9d85'),
('ce17b05b-0247-11ee-bec1-7085c296afc1', 'Dabeiba', 'b062e57e-42e0-446d-8923-0454c70a9d85'),
('ce1803aa-0247-11ee-bec1-7085c296afc1', 'Don Matías', 'b062e57e-42e0-446d-8923-0454c70a9d85'),
('ce18589c-0247-11ee-bec1-7085c296afc1', 'Ebéjico', 'b062e57e-42e0-446d-8923-0454c70a9d85'),
('ce18aae9-0247-11ee-bec1-7085c296afc1', 'El Bagre', 'b062e57e-42e0-446d-8923-0454c70a9d85'),
('ce18fc5a-0247-11ee-bec1-7085c296afc1', 'Entrerrios', 'b062e57e-42e0-446d-8923-0454c70a9d85'),
('ce194ee3-0247-11ee-bec1-7085c296afc1', 'Envigado', 'b062e57e-42e0-446d-8923-0454c70a9d85'),
('ce19a490-0247-11ee-bec1-7085c296afc1', 'Fredonia', 'b062e57e-42e0-446d-8923-0454c70a9d85'),
('ce19f840-0247-11ee-bec1-7085c296afc1', 'San Bernardo del Viento', '20f7bfe4-70db-4647-8a35-580d9a9be2f4'),
('ce1a4c66-0247-11ee-bec1-7085c296afc1', 'Giraldo', 'b062e57e-42e0-446d-8923-0454c70a9d85'),
('ce1aa03c-0247-11ee-bec1-7085c296afc1', 'Girardota', 'b062e57e-42e0-446d-8923-0454c70a9d85'),
('ce1af7d3-0247-11ee-bec1-7085c296afc1', 'Gómez Plata', 'b062e57e-42e0-446d-8923-0454c70a9d85'),
('ce1b4ce6-0247-11ee-bec1-7085c296afc1', 'Istmina', '46c065e1-f0b6-40c1-95f1-6d84a6178577'),
('ce1ba2bd-0247-11ee-bec1-7085c296afc1', 'Guadalupe', 'b062e57e-42e0-446d-8923-0454c70a9d85'),
('ce1bf753-0247-11ee-bec1-7085c296afc1', 'Guarne', 'b062e57e-42e0-446d-8923-0454c70a9d85'),
('ce1c4c8d-0247-11ee-bec1-7085c296afc1', 'Guatapé', 'b062e57e-42e0-446d-8923-0454c70a9d85'),
('ce1ca5d2-0247-11ee-bec1-7085c296afc1', 'Heliconia', 'b062e57e-42e0-446d-8923-0454c70a9d85'),
('ce1cfaaa-0247-11ee-bec1-7085c296afc1', 'Hispania', 'b062e57e-42e0-446d-8923-0454c70a9d85'),
('ce1d4fdc-0247-11ee-bec1-7085c296afc1', 'Itagui', 'b062e57e-42e0-446d-8923-0454c70a9d85'),
('ce1da673-0247-11ee-bec1-7085c296afc1', 'Ituango', 'b062e57e-42e0-446d-8923-0454c70a9d85'),
('ce1dfb6f-0247-11ee-bec1-7085c296afc1', 'Belmira', 'b062e57e-42e0-446d-8923-0454c70a9d85'),
('ce1e5017-0247-11ee-bec1-7085c296afc1', 'Jericó', 'b062e57e-42e0-446d-8923-0454c70a9d85'),
('ce1ea600-0247-11ee-bec1-7085c296afc1', 'La Ceja', 'b062e57e-42e0-446d-8923-0454c70a9d85'),
('ce1efafe-0247-11ee-bec1-7085c296afc1', 'La Estrella', 'b062e57e-42e0-446d-8923-0454c70a9d85'),
('ce1f4ff6-0247-11ee-bec1-7085c296afc1', 'La Pintada', 'b062e57e-42e0-446d-8923-0454c70a9d85'),
('ce1fa4c1-0247-11ee-bec1-7085c296afc1', 'La Unión', 'b062e57e-42e0-446d-8923-0454c70a9d85'),
('ce1ffee3-0247-11ee-bec1-7085c296afc1', 'Liborina', 'b062e57e-42e0-446d-8923-0454c70a9d85'),
('ce205935-0247-11ee-bec1-7085c296afc1', 'Maceo', 'b062e57e-42e0-446d-8923-0454c70a9d85'),
('ce20b447-0247-11ee-bec1-7085c296afc1', 'Marinilla', 'b062e57e-42e0-446d-8923-0454c70a9d85'),
('ce2109e3-0247-11ee-bec1-7085c296afc1', 'Montebello', 'b062e57e-42e0-446d-8923-0454c70a9d85'),
('ce21600a-0247-11ee-bec1-7085c296afc1', 'Murindó', 'b062e57e-42e0-446d-8923-0454c70a9d85'),
('ce21b906-0247-11ee-bec1-7085c296afc1', 'Mutatá', 'b062e57e-42e0-446d-8923-0454c70a9d85'),
('ce220ef1-0247-11ee-bec1-7085c296afc1', 'Nariño', 'b062e57e-42e0-446d-8923-0454c70a9d85'),
('ce2263c5-0247-11ee-bec1-7085c296afc1', 'Necoclí', 'b062e57e-42e0-446d-8923-0454c70a9d85'),
('ce22bb32-0247-11ee-bec1-7085c296afc1', 'Nechí', 'b062e57e-42e0-446d-8923-0454c70a9d85'),
('ce230fd8-0247-11ee-bec1-7085c296afc1', 'Olaya', 'b062e57e-42e0-446d-8923-0454c70a9d85'),
('ce2363a5-0247-11ee-bec1-7085c296afc1', 'Peñol', 'b062e57e-42e0-446d-8923-0454c70a9d85'),
('ce23b8dd-0247-11ee-bec1-7085c296afc1', 'Peque', 'b062e57e-42e0-446d-8923-0454c70a9d85'),
('ce240ffe-0247-11ee-bec1-7085c296afc1', 'Pueblorrico', 'b062e57e-42e0-446d-8923-0454c70a9d85'),
('ce246665-0247-11ee-bec1-7085c296afc1', 'Puerto Berrío', 'b062e57e-42e0-446d-8923-0454c70a9d85'),
('ce24bb91-0247-11ee-bec1-7085c296afc1', 'Puerto Nare', 'b062e57e-42e0-446d-8923-0454c70a9d85'),
('ce2513e0-0247-11ee-bec1-7085c296afc1', 'Puerto Triunfo', 'b062e57e-42e0-446d-8923-0454c70a9d85'),
('ce2569fe-0247-11ee-bec1-7085c296afc1', 'Remedios', 'b062e57e-42e0-446d-8923-0454c70a9d85'),
('ce25bfe8-0247-11ee-bec1-7085c296afc1', 'Retiro', 'b062e57e-42e0-446d-8923-0454c70a9d85'),
('ce261521-0247-11ee-bec1-7085c296afc1', 'Rionegro', 'b062e57e-42e0-446d-8923-0454c70a9d85'),
('ce2669e3-0247-11ee-bec1-7085c296afc1', 'Sabanalarga', 'b062e57e-42e0-446d-8923-0454c70a9d85'),
('ce26bce8-0247-11ee-bec1-7085c296afc1', 'Sabaneta', 'b062e57e-42e0-446d-8923-0454c70a9d85'),
('ce2715e5-0247-11ee-bec1-7085c296afc1', 'Salgar', 'b062e57e-42e0-446d-8923-0454c70a9d85'),
('ce276afd-0247-11ee-bec1-7085c296afc1', 'Ciénega', '2081c689-8959-4812-89f0-d0896dc2e542'),
('ce27c08a-0247-11ee-bec1-7085c296afc1', 'Santacruz', 'b0b3f71e-f3ad-416d-9d66-1f66ef4ab8a4'),
('ce281833-0247-11ee-bec1-7085c296afc1', 'San Francisco', 'b062e57e-42e0-446d-8923-0454c70a9d85'),
('ce286c65-0247-11ee-bec1-7085c296afc1', 'San Jerónimo', 'b062e57e-42e0-446d-8923-0454c70a9d85'),
('ce28c193-0247-11ee-bec1-7085c296afc1', 'Puerto Wilches', 'ee2b6b3c-2aa1-458d-bd8d-449f9ef5d1de'),
('ce2916ed-0247-11ee-bec1-7085c296afc1', 'Puerto Parra', 'ee2b6b3c-2aa1-458d-bd8d-449f9ef5d1de'),
('ce296e3c-0247-11ee-bec1-7085c296afc1', 'San Luis', 'b062e57e-42e0-446d-8923-0454c70a9d85'),
('ce29c28f-0247-11ee-bec1-7085c296afc1', 'San Pedro', 'b062e57e-42e0-446d-8923-0454c70a9d85'),
('ce2a16e9-0247-11ee-bec1-7085c296afc1', 'San Rafael', 'b062e57e-42e0-446d-8923-0454c70a9d85'),
('ce2a6b10-0247-11ee-bec1-7085c296afc1', 'San Roque', 'b062e57e-42e0-446d-8923-0454c70a9d85'),
('ce2ac2da-0247-11ee-bec1-7085c296afc1', 'San Vicente', 'b062e57e-42e0-446d-8923-0454c70a9d85'),
('ce2b18b2-0247-11ee-bec1-7085c296afc1', 'Santa Bárbara', 'b062e57e-42e0-446d-8923-0454c70a9d85'),
('ce2b6e45-0247-11ee-bec1-7085c296afc1', 'Santo Domingo', 'b062e57e-42e0-446d-8923-0454c70a9d85'),
('ce2bc2b8-0247-11ee-bec1-7085c296afc1', 'El Santuario', 'b062e57e-42e0-446d-8923-0454c70a9d85'),
('ce2c163e-0247-11ee-bec1-7085c296afc1', 'Segovia', 'b062e57e-42e0-446d-8923-0454c70a9d85'),
('ce2c6f86-0247-11ee-bec1-7085c296afc1', 'Sopetrán', 'b062e57e-42e0-446d-8923-0454c70a9d85'),
('ce2cc38a-0247-11ee-bec1-7085c296afc1', 'Uribe', '2d9aebe5-8a0a-4f86-9975-52d3f58b7f6f'),
('ce2d1827-0247-11ee-bec1-7085c296afc1', 'Támesis', 'b062e57e-42e0-446d-8923-0454c70a9d85'),
('ce2d6f6e-0247-11ee-bec1-7085c296afc1', 'Tarazá', 'b062e57e-42e0-446d-8923-0454c70a9d85'),
('ce2dc3c9-0247-11ee-bec1-7085c296afc1', 'Tarso', 'b062e57e-42e0-446d-8923-0454c70a9d85'),
('ce2e1824-0247-11ee-bec1-7085c296afc1', 'Titiribí', 'b062e57e-42e0-446d-8923-0454c70a9d85'),
('ce2e6fe1-0247-11ee-bec1-7085c296afc1', 'Toledo', 'b062e57e-42e0-446d-8923-0454c70a9d85'),
('ce2ec7b0-0247-11ee-bec1-7085c296afc1', 'Turbo', 'b062e57e-42e0-446d-8923-0454c70a9d85'),
('ce2f1d0e-0247-11ee-bec1-7085c296afc1', 'Uramita', 'b062e57e-42e0-446d-8923-0454c70a9d85'),
('ce2f71ff-0247-11ee-bec1-7085c296afc1', 'Urrao', 'b062e57e-42e0-446d-8923-0454c70a9d85'),
('ce2fc6fd-0247-11ee-bec1-7085c296afc1', 'Valdivia', 'b062e57e-42e0-446d-8923-0454c70a9d85'),
('ce301e2f-0247-11ee-bec1-7085c296afc1', 'Valparaíso', 'b062e57e-42e0-446d-8923-0454c70a9d85'),
('ce3073a8-0247-11ee-bec1-7085c296afc1', 'Vegachí', 'b062e57e-42e0-446d-8923-0454c70a9d85'),
('ce30c937-0247-11ee-bec1-7085c296afc1', 'Venecia', 'b062e57e-42e0-446d-8923-0454c70a9d85'),
('ce311e53-0247-11ee-bec1-7085c296afc1', 'Yalí', 'b062e57e-42e0-446d-8923-0454c70a9d85'),
('ce317264-0247-11ee-bec1-7085c296afc1', 'Yarumal', 'b062e57e-42e0-446d-8923-0454c70a9d85'),
('ce31cb83-0247-11ee-bec1-7085c296afc1', 'Yolombó', 'b062e57e-42e0-446d-8923-0454c70a9d85'),
('ce322089-0247-11ee-bec1-7085c296afc1', 'Yondó', 'b062e57e-42e0-446d-8923-0454c70a9d85'),
('ce327541-0247-11ee-bec1-7085c296afc1', 'Zaragoza', 'b062e57e-42e0-446d-8923-0454c70a9d85'),
('ce32cc4f-0247-11ee-bec1-7085c296afc1', 'Barranquilla', '361d3cc0-22d2-49e2-9a4c-9793db5c7290'),
('ce3320e8-0247-11ee-bec1-7085c296afc1', 'Baranoa', '361d3cc0-22d2-49e2-9a4c-9793db5c7290'),
('ce337558-0247-11ee-bec1-7085c296afc1', 'Candelaria', '361d3cc0-22d2-49e2-9a4c-9793db5c7290'),
('ce33ca03-0247-11ee-bec1-7085c296afc1', 'Galapa', '361d3cc0-22d2-49e2-9a4c-9793db5c7290'),
('ce342051-0247-11ee-bec1-7085c296afc1', 'Luruaco', '361d3cc0-22d2-49e2-9a4c-9793db5c7290'),
('ce347402-0247-11ee-bec1-7085c296afc1', 'Malambo', '361d3cc0-22d2-49e2-9a4c-9793db5c7290'),
('ce34cba8-0247-11ee-bec1-7085c296afc1', 'Manatí', '361d3cc0-22d2-49e2-9a4c-9793db5c7290'),
('ce352244-0247-11ee-bec1-7085c296afc1', 'Piojó', '361d3cc0-22d2-49e2-9a4c-9793db5c7290'),
('ce3576ea-0247-11ee-bec1-7085c296afc1', 'Polonuevo', '361d3cc0-22d2-49e2-9a4c-9793db5c7290'),
('ce35cd0b-0247-11ee-bec1-7085c296afc1', 'Sabanagrande', '361d3cc0-22d2-49e2-9a4c-9793db5c7290'),
('ce362248-0247-11ee-bec1-7085c296afc1', 'Sabanalarga', '361d3cc0-22d2-49e2-9a4c-9793db5c7290'),
('ce3676fd-0247-11ee-bec1-7085c296afc1', 'Santa Lucía', '361d3cc0-22d2-49e2-9a4c-9793db5c7290'),
('ce36cdd2-0247-11ee-bec1-7085c296afc1', 'Santo Tomás', '361d3cc0-22d2-49e2-9a4c-9793db5c7290'),
('ce372101-0247-11ee-bec1-7085c296afc1', 'Soledad', '361d3cc0-22d2-49e2-9a4c-9793db5c7290'),
('ce377649-0247-11ee-bec1-7085c296afc1', 'Suan', '361d3cc0-22d2-49e2-9a4c-9793db5c7290'),
('ce37cd5b-0247-11ee-bec1-7085c296afc1', 'Tubará', '361d3cc0-22d2-49e2-9a4c-9793db5c7290'),
('ce382216-0247-11ee-bec1-7085c296afc1', 'Usiacurí', '361d3cc0-22d2-49e2-9a4c-9793db5c7290'),
('ce3876ab-0247-11ee-bec1-7085c296afc1', 'Achí', '98a0d6d5-1cc9-4dd2-93c2-2fd29ee7b8ae'),
('ce38c985-0247-11ee-bec1-7085c296afc1', 'Arenal', '98a0d6d5-1cc9-4dd2-93c2-2fd29ee7b8ae'),
('ce392105-0247-11ee-bec1-7085c296afc1', 'Arjona', '98a0d6d5-1cc9-4dd2-93c2-2fd29ee7b8ae'),
('ce3975ce-0247-11ee-bec1-7085c296afc1', 'Arroyohondo', '98a0d6d5-1cc9-4dd2-93c2-2fd29ee7b8ae'),
('ce39cb3d-0247-11ee-bec1-7085c296afc1', 'Calamar', '98a0d6d5-1cc9-4dd2-93c2-2fd29ee7b8ae'),
('ce3a20f5-0247-11ee-bec1-7085c296afc1', 'Cantagallo', '98a0d6d5-1cc9-4dd2-93c2-2fd29ee7b8ae'),
('ce3a7776-0247-11ee-bec1-7085c296afc1', 'Cicuco', '98a0d6d5-1cc9-4dd2-93c2-2fd29ee7b8ae'),
('ce3acb4e-0247-11ee-bec1-7085c296afc1', '20f7bfe4-70db-4647-8a35-580d9a9be2f4', '98a0d6d5-1cc9-4dd2-93c2-2fd29ee7b8ae'),
('ce3b20df-0247-11ee-bec1-7085c296afc1', 'Clemencia', '98a0d6d5-1cc9-4dd2-93c2-2fd29ee7b8ae'),
('ce3b758e-0247-11ee-bec1-7085c296afc1', 'El Guamo', '98a0d6d5-1cc9-4dd2-93c2-2fd29ee7b8ae'),
('ce3c1de4-0247-11ee-bec1-7085c296afc1', 'Magangué', '98a0d6d5-1cc9-4dd2-93c2-2fd29ee7b8ae'),
('ce3c72a2-0247-11ee-bec1-7085c296afc1', 'Mahates', '98a0d6d5-1cc9-4dd2-93c2-2fd29ee7b8ae'),
('ce3cc6e6-0247-11ee-bec1-7085c296afc1', 'Margarita', '98a0d6d5-1cc9-4dd2-93c2-2fd29ee7b8ae'),
('ce3d1d2c-0247-11ee-bec1-7085c296afc1', 'Montecristo', '98a0d6d5-1cc9-4dd2-93c2-2fd29ee7b8ae'),
('ce3d71a8-0247-11ee-bec1-7085c296afc1', 'Mompós', '98a0d6d5-1cc9-4dd2-93c2-2fd29ee7b8ae'),
('ce3dc659-0247-11ee-bec1-7085c296afc1', 'Morales', '98a0d6d5-1cc9-4dd2-93c2-2fd29ee7b8ae'),
('ce3e1aad-0247-11ee-bec1-7085c296afc1', 'Norosí', '98a0d6d5-1cc9-4dd2-93c2-2fd29ee7b8ae'),
('ce3e7040-0247-11ee-bec1-7085c296afc1', 'Pinillos', '98a0d6d5-1cc9-4dd2-93c2-2fd29ee7b8ae'),
('ce3ec40b-0247-11ee-bec1-7085c296afc1', 'Regidor', '98a0d6d5-1cc9-4dd2-93c2-2fd29ee7b8ae'),
('ce3f1902-0247-11ee-bec1-7085c296afc1', 'Río Viejo', '98a0d6d5-1cc9-4dd2-93c2-2fd29ee7b8ae'),
('ce3f6d7d-0247-11ee-bec1-7085c296afc1', 'San Estanislao', '98a0d6d5-1cc9-4dd2-93c2-2fd29ee7b8ae'),
('ce3fc41a-0247-11ee-bec1-7085c296afc1', 'San Fernando', '98a0d6d5-1cc9-4dd2-93c2-2fd29ee7b8ae'),
('ce4018c0-0247-11ee-bec1-7085c296afc1', 'San Juan Nepomuceno', '98a0d6d5-1cc9-4dd2-93c2-2fd29ee7b8ae'),
('ce406c20-0247-11ee-bec1-7085c296afc1', 'Santa Catalina', '98a0d6d5-1cc9-4dd2-93c2-2fd29ee7b8ae'),
('ce40c02b-0247-11ee-bec1-7085c296afc1', 'Santa Rosa', '98a0d6d5-1cc9-4dd2-93c2-2fd29ee7b8ae'),
('ce4114ab-0247-11ee-bec1-7085c296afc1', 'Simití', '98a0d6d5-1cc9-4dd2-93c2-2fd29ee7b8ae'),
('ce416c73-0247-11ee-bec1-7085c296afc1', 'Soplaviento', '98a0d6d5-1cc9-4dd2-93c2-2fd29ee7b8ae'),
('ce41c0f0-0247-11ee-bec1-7085c296afc1', 'Talaigua Nuevo', '98a0d6d5-1cc9-4dd2-93c2-2fd29ee7b8ae'),
('ce4215cf-0247-11ee-bec1-7085c296afc1', 'Tiquisio', '98a0d6d5-1cc9-4dd2-93c2-2fd29ee7b8ae'),
('ce426b86-0247-11ee-bec1-7085c296afc1', 'Turbaco', '98a0d6d5-1cc9-4dd2-93c2-2fd29ee7b8ae'),
('ce42bf70-0247-11ee-bec1-7085c296afc1', 'Turbaná', '98a0d6d5-1cc9-4dd2-93c2-2fd29ee7b8ae'),
('ce4313fb-0247-11ee-bec1-7085c296afc1', 'Villanueva', '98a0d6d5-1cc9-4dd2-93c2-2fd29ee7b8ae'),
('ce4368cb-0247-11ee-bec1-7085c296afc1', 'Tunja', '2081c689-8959-4812-89f0-d0896dc2e542'),
('ce43bf9f-0247-11ee-bec1-7085c296afc1', 'Almeida', '2081c689-8959-4812-89f0-d0896dc2e542'),
('ce44141c-0247-11ee-bec1-7085c296afc1', 'Aquitania', '2081c689-8959-4812-89f0-d0896dc2e542'),
('ce4467c1-0247-11ee-bec1-7085c296afc1', 'Arcabuco', '2081c689-8959-4812-89f0-d0896dc2e542'),
('ce44bb80-0247-11ee-bec1-7085c296afc1', 'Berbeo', '2081c689-8959-4812-89f0-d0896dc2e542'),
('ce4512d8-0247-11ee-bec1-7085c296afc1', 'Betéitiva', '2081c689-8959-4812-89f0-d0896dc2e542'),
('ce45676d-0247-11ee-bec1-7085c296afc1', 'Boavita', '2081c689-8959-4812-89f0-d0896dc2e542'),
('ce45bc3c-0247-11ee-bec1-7085c296afc1', '2081c689-8959-4812-89f0-d0896dc2e542', '2081c689-8959-4812-89f0-d0896dc2e542'),
('ce46113f-0247-11ee-bec1-7085c296afc1', 'Briceño', '2081c689-8959-4812-89f0-d0896dc2e542'),
('ce4664ec-0247-11ee-bec1-7085c296afc1', 'Buena Vista', '2081c689-8959-4812-89f0-d0896dc2e542'),
('ce46bd98-0247-11ee-bec1-7085c296afc1', 'Busbanzá', '2081c689-8959-4812-89f0-d0896dc2e542'),
('ce47120e-0247-11ee-bec1-7085c296afc1', 'Caldas', '2081c689-8959-4812-89f0-d0896dc2e542'),
('ce4765d7-0247-11ee-bec1-7085c296afc1', 'Campohermoso', '2081c689-8959-4812-89f0-d0896dc2e542'),
('ce47bb82-0247-11ee-bec1-7085c296afc1', 'Cerinza', '2081c689-8959-4812-89f0-d0896dc2e542'),
('ce480ff1-0247-11ee-bec1-7085c296afc1', 'Chinavita', '2081c689-8959-4812-89f0-d0896dc2e542'),
('ce486520-0247-11ee-bec1-7085c296afc1', 'Chiquinquirá', '2081c689-8959-4812-89f0-d0896dc2e542'),
('ce48b9de-0247-11ee-bec1-7085c296afc1', 'Chiscas', '2081c689-8959-4812-89f0-d0896dc2e542'),
('ce490fae-0247-11ee-bec1-7085c296afc1', 'Chita', '2081c689-8959-4812-89f0-d0896dc2e542'),
('ce496467-0247-11ee-bec1-7085c296afc1', 'Chitaraque', '2081c689-8959-4812-89f0-d0896dc2e542'),
('ce49b9b4-0247-11ee-bec1-7085c296afc1', 'Chivatá', '2081c689-8959-4812-89f0-d0896dc2e542'),
('ce4a0dc6-0247-11ee-bec1-7085c296afc1', 'Cómbita', '2081c689-8959-4812-89f0-d0896dc2e542'),
('ce4a6401-0247-11ee-bec1-7085c296afc1', 'Coper', '2081c689-8959-4812-89f0-d0896dc2e542'),
('ce4ab87c-0247-11ee-bec1-7085c296afc1', 'Corrales', '2081c689-8959-4812-89f0-d0896dc2e542'),
('ce4b0d00-0247-11ee-bec1-7085c296afc1', 'Covarachía', '2081c689-8959-4812-89f0-d0896dc2e542'),
('ce4b6074-0247-11ee-bec1-7085c296afc1', 'Cubará', '2081c689-8959-4812-89f0-d0896dc2e542'),
('ce4bb6d9-0247-11ee-bec1-7085c296afc1', 'Cucaita', '2081c689-8959-4812-89f0-d0896dc2e542'),
('ce4c0b01-0247-11ee-bec1-7085c296afc1', 'Cuítiva', '2081c689-8959-4812-89f0-d0896dc2e542'),
('ce4c60bd-0247-11ee-bec1-7085c296afc1', 'Chíquiza', '2081c689-8959-4812-89f0-d0896dc2e542'),
('ce4cb675-0247-11ee-bec1-7085c296afc1', 'Chivor', '2081c689-8959-4812-89f0-d0896dc2e542'),
('ce4d0a32-0247-11ee-bec1-7085c296afc1', 'Duitama', '2081c689-8959-4812-89f0-d0896dc2e542'),
('ce4d5e7a-0247-11ee-bec1-7085c296afc1', 'El Cocuy', '2081c689-8959-4812-89f0-d0896dc2e542'),
('ce4db4c4-0247-11ee-bec1-7085c296afc1', 'El Espino', '2081c689-8959-4812-89f0-d0896dc2e542'),
('ce4ea020-0247-11ee-bec1-7085c296afc1', 'Firavitoba', '2081c689-8959-4812-89f0-d0896dc2e542'),
('ce4ef6e0-0247-11ee-bec1-7085c296afc1', 'Floresta', '2081c689-8959-4812-89f0-d0896dc2e542'),
('ce4f4c1d-0247-11ee-bec1-7085c296afc1', 'Gachantivá', '2081c689-8959-4812-89f0-d0896dc2e542'),
('ce4fa113-0247-11ee-bec1-7085c296afc1', 'Gameza', '2081c689-8959-4812-89f0-d0896dc2e542'),
('ce4ff422-0247-11ee-bec1-7085c296afc1', 'Garagoa', '2081c689-8959-4812-89f0-d0896dc2e542'),
('ce504be4-0247-11ee-bec1-7085c296afc1', 'Guacamayas', '2081c689-8959-4812-89f0-d0896dc2e542'),
('ce509f71-0247-11ee-bec1-7085c296afc1', 'Guateque', '2081c689-8959-4812-89f0-d0896dc2e542'),
('ce50f2b0-0247-11ee-bec1-7085c296afc1', 'Guayatá', '2081c689-8959-4812-89f0-d0896dc2e542'),
('ce514971-0247-11ee-bec1-7085c296afc1', 'Güicán', '2081c689-8959-4812-89f0-d0896dc2e542'),
('ce519d9f-0247-11ee-bec1-7085c296afc1', 'Iza', '2081c689-8959-4812-89f0-d0896dc2e542'),
('ce51f124-0247-11ee-bec1-7085c296afc1', 'Jenesano', '2081c689-8959-4812-89f0-d0896dc2e542'),
('ce5245af-0247-11ee-bec1-7085c296afc1', 'Jericó', '2081c689-8959-4812-89f0-d0896dc2e542'),
('ce529c56-0247-11ee-bec1-7085c296afc1', 'Labranzagrande', '2081c689-8959-4812-89f0-d0896dc2e542'),
('ce52f059-0247-11ee-bec1-7085c296afc1', 'La Capilla', '2081c689-8959-4812-89f0-d0896dc2e542'),
('ce534540-0247-11ee-bec1-7085c296afc1', 'La Victoria', '2081c689-8959-4812-89f0-d0896dc2e542'),
('ce539973-0247-11ee-bec1-7085c296afc1', 'Macanal', '2081c689-8959-4812-89f0-d0896dc2e542'),
('ce53ef80-0247-11ee-bec1-7085c296afc1', 'Maripí', '2081c689-8959-4812-89f0-d0896dc2e542'),
('ce544472-0247-11ee-bec1-7085c296afc1', 'Miraflores', '2081c689-8959-4812-89f0-d0896dc2e542'),
('ce549889-0247-11ee-bec1-7085c296afc1', 'Mongua', '2081c689-8959-4812-89f0-d0896dc2e542'),
('ce553bab-0247-11ee-bec1-7085c296afc1', 'Monguí', '2081c689-8959-4812-89f0-d0896dc2e542'),
('ce558ffe-0247-11ee-bec1-7085c296afc1', 'Moniquirá', '2081c689-8959-4812-89f0-d0896dc2e542'),
('ce55e3ce-0247-11ee-bec1-7085c296afc1', 'Muzo', '2081c689-8959-4812-89f0-d0896dc2e542'),
('ce563b29-0247-11ee-bec1-7085c296afc1', 'Nobsa', '2081c689-8959-4812-89f0-d0896dc2e542'),
('ce569086-0247-11ee-bec1-7085c296afc1', 'Nuevo Colón', '2081c689-8959-4812-89f0-d0896dc2e542'),
('ce56e3af-0247-11ee-bec1-7085c296afc1', 'Oicatá', '2081c689-8959-4812-89f0-d0896dc2e542'),
('ce573601-0247-11ee-bec1-7085c296afc1', 'Otanche', '2081c689-8959-4812-89f0-d0896dc2e542'),
('ce578b39-0247-11ee-bec1-7085c296afc1', 'Pachavita', '2081c689-8959-4812-89f0-d0896dc2e542'),
('ce57df42-0247-11ee-bec1-7085c296afc1', 'Páez', '2081c689-8959-4812-89f0-d0896dc2e542'),
('ce58344f-0247-11ee-bec1-7085c296afc1', 'Paipa', '2081c689-8959-4812-89f0-d0896dc2e542'),
('ce588869-0247-11ee-bec1-7085c296afc1', 'Pajarito', '2081c689-8959-4812-89f0-d0896dc2e542'),
('ce58e855-0247-11ee-bec1-7085c296afc1', 'Panqueba', '2081c689-8959-4812-89f0-d0896dc2e542'),
('ce593d92-0247-11ee-bec1-7085c296afc1', 'Pauna', '2081c689-8959-4812-89f0-d0896dc2e542'),
('ce599240-0247-11ee-bec1-7085c296afc1', 'Paya', '2081c689-8959-4812-89f0-d0896dc2e542'),
('ce59ea53-0247-11ee-bec1-7085c296afc1', 'Pesca', '2081c689-8959-4812-89f0-d0896dc2e542'),
('ce5a3e8b-0247-11ee-bec1-7085c296afc1', 'Pisba', '2081c689-8959-4812-89f0-d0896dc2e542'),
('ce5a9178-0247-11ee-bec1-7085c296afc1', 'Puerto Boyacá', '2081c689-8959-4812-89f0-d0896dc2e542'),
('ce5ae8e0-0247-11ee-bec1-7085c296afc1', 'Quípama', '2081c689-8959-4812-89f0-d0896dc2e542'),
('ce5b3df8-0247-11ee-bec1-7085c296afc1', 'Ramiriquí', '2081c689-8959-4812-89f0-d0896dc2e542'),
('ce5b929b-0247-11ee-bec1-7085c296afc1', 'Ráquira', '2081c689-8959-4812-89f0-d0896dc2e542'),
('ce5be726-0247-11ee-bec1-7085c296afc1', 'Rondón', '2081c689-8959-4812-89f0-d0896dc2e542'),
('ce5c3e10-0247-11ee-bec1-7085c296afc1', 'Saboyá', '2081c689-8959-4812-89f0-d0896dc2e542'),
('ce5c926a-0247-11ee-bec1-7085c296afc1', 'Sáchica', '2081c689-8959-4812-89f0-d0896dc2e542'),
('ce5ce659-0247-11ee-bec1-7085c296afc1', 'Samacá', '2081c689-8959-4812-89f0-d0896dc2e542'),
('ce5d3aa2-0247-11ee-bec1-7085c296afc1', 'San Eduardo', '2081c689-8959-4812-89f0-d0896dc2e542'),
('ce5d9064-0247-11ee-bec1-7085c296afc1', 'San Mateo', '2081c689-8959-4812-89f0-d0896dc2e542'),
('ce5de4d3-0247-11ee-bec1-7085c296afc1', 'Santana', '2081c689-8959-4812-89f0-d0896dc2e542'),
('ce5e3911-0247-11ee-bec1-7085c296afc1', 'Santa María', '2081c689-8959-4812-89f0-d0896dc2e542'),
('ce5e8dc2-0247-11ee-bec1-7085c296afc1', 'Santa Sofía', '2081c689-8959-4812-89f0-d0896dc2e542'),
('ce5ee21f-0247-11ee-bec1-7085c296afc1', 'Sativanorte', '2081c689-8959-4812-89f0-d0896dc2e542'),
('ce5f3968-0247-11ee-bec1-7085c296afc1', 'Sativasur', '2081c689-8959-4812-89f0-d0896dc2e542'),
('ce5f8d9d-0247-11ee-bec1-7085c296afc1', 'Siachoque', '2081c689-8959-4812-89f0-d0896dc2e542'),
('ce5fe242-0247-11ee-bec1-7085c296afc1', 'Soatá', '2081c689-8959-4812-89f0-d0896dc2e542'),
('ce60389a-0247-11ee-bec1-7085c296afc1', 'Socotá', '2081c689-8959-4812-89f0-d0896dc2e542'),
('ce608d08-0247-11ee-bec1-7085c296afc1', 'Socha', '2081c689-8959-4812-89f0-d0896dc2e542'),
('ce60e18b-0247-11ee-bec1-7085c296afc1', 'Sogamoso', '2081c689-8959-4812-89f0-d0896dc2e542'),
('ce6135b1-0247-11ee-bec1-7085c296afc1', 'Somondoco', '2081c689-8959-4812-89f0-d0896dc2e542'),
('ce618c18-0247-11ee-bec1-7085c296afc1', 'Sora', '2081c689-8959-4812-89f0-d0896dc2e542'),
('ce61e09b-0247-11ee-bec1-7085c296afc1', 'Sotaquirá', '2081c689-8959-4812-89f0-d0896dc2e542'),
('ce623491-0247-11ee-bec1-7085c296afc1', 'Soracá', '2081c689-8959-4812-89f0-d0896dc2e542'),
('ce628895-0247-11ee-bec1-7085c296afc1', 'Susacón', '2081c689-8959-4812-89f0-d0896dc2e542'),
('ce62f009-0247-11ee-bec1-7085c296afc1', 'Sutamarchán', '2081c689-8959-4812-89f0-d0896dc2e542'),
('ce634475-0247-11ee-bec1-7085c296afc1', 'Sutatenza', '2081c689-8959-4812-89f0-d0896dc2e542'),
('ce6398e7-0247-11ee-bec1-7085c296afc1', 'Tasco', '2081c689-8959-4812-89f0-d0896dc2e542'),
('ce63ed51-0247-11ee-bec1-7085c296afc1', 'Tenza', '2081c689-8959-4812-89f0-d0896dc2e542'),
('ce6441af-0247-11ee-bec1-7085c296afc1', 'Tibaná', '2081c689-8959-4812-89f0-d0896dc2e542'),
('ce649d93-0247-11ee-bec1-7085c296afc1', 'Tinjacá', '2081c689-8959-4812-89f0-d0896dc2e542'),
('ce64f33f-0247-11ee-bec1-7085c296afc1', 'Tipacoque', '2081c689-8959-4812-89f0-d0896dc2e542'),
('ce6547d1-0247-11ee-bec1-7085c296afc1', 'Toca', '2081c689-8959-4812-89f0-d0896dc2e542'),
('ce659fb4-0247-11ee-bec1-7085c296afc1', 'Tópaga', '2081c689-8959-4812-89f0-d0896dc2e542'),
('ce65f503-0247-11ee-bec1-7085c296afc1', 'Tota', '2081c689-8959-4812-89f0-d0896dc2e542'),
('ce6649e4-0247-11ee-bec1-7085c296afc1', 'Turmequé', '2081c689-8959-4812-89f0-d0896dc2e542'),
('ce66a194-0247-11ee-bec1-7085c296afc1', 'Tutazá', '2081c689-8959-4812-89f0-d0896dc2e542'),
('ce66f69d-0247-11ee-bec1-7085c296afc1', 'Umbita', '2081c689-8959-4812-89f0-d0896dc2e542'),
('ce674aef-0247-11ee-bec1-7085c296afc1', 'Ventaquemada', '2081c689-8959-4812-89f0-d0896dc2e542'),
('ce679fd3-0247-11ee-bec1-7085c296afc1', 'Viracachá', '2081c689-8959-4812-89f0-d0896dc2e542'),
('ce67f671-0247-11ee-bec1-7085c296afc1', 'Zetaquira', '2081c689-8959-4812-89f0-d0896dc2e542'),
('ce684b25-0247-11ee-bec1-7085c296afc1', 'Manizales', '7db06e60-b1d3-4741-bd44-26d15e4e3b7b'),
('ce68a0c3-0247-11ee-bec1-7085c296afc1', 'Aguadas', '7db06e60-b1d3-4741-bd44-26d15e4e3b7b'),
('ce68f55f-0247-11ee-bec1-7085c296afc1', 'Anserma', '7db06e60-b1d3-4741-bd44-26d15e4e3b7b'),
('ce694adf-0247-11ee-bec1-7085c296afc1', 'Aranzazu', '7db06e60-b1d3-4741-bd44-26d15e4e3b7b'),
('ce69a71b-0247-11ee-bec1-7085c296afc1', 'Belalcázar', '7db06e60-b1d3-4741-bd44-26d15e4e3b7b'),
('ce69fc71-0247-11ee-bec1-7085c296afc1', 'Chinchiná', '7db06e60-b1d3-4741-bd44-26d15e4e3b7b'),
('ce6a5007-0247-11ee-bec1-7085c296afc1', 'Filadelfia', '7db06e60-b1d3-4741-bd44-26d15e4e3b7b'),
('ce6aa4ef-0247-11ee-bec1-7085c296afc1', 'La Dorada', '7db06e60-b1d3-4741-bd44-26d15e4e3b7b'),
('ce6af8c9-0247-11ee-bec1-7085c296afc1', 'La Merced', '7db06e60-b1d3-4741-bd44-26d15e4e3b7b'),
('ce6b4d13-0247-11ee-bec1-7085c296afc1', 'Manzanares', '7db06e60-b1d3-4741-bd44-26d15e4e3b7b'),
('ce6ba136-0247-11ee-bec1-7085c296afc1', 'Marmato', '7db06e60-b1d3-4741-bd44-26d15e4e3b7b'),
('ce6bf79b-0247-11ee-bec1-7085c296afc1', 'Marulanda', '7db06e60-b1d3-4741-bd44-26d15e4e3b7b'),
('ce6c4bb0-0247-11ee-bec1-7085c296afc1', 'Neira', '7db06e60-b1d3-4741-bd44-26d15e4e3b7b'),
('ce6c9f62-0247-11ee-bec1-7085c296afc1', 'Norcasia', '7db06e60-b1d3-4741-bd44-26d15e4e3b7b'),
('ce6cf390-0247-11ee-bec1-7085c296afc1', 'Pácora', '7db06e60-b1d3-4741-bd44-26d15e4e3b7b'),
('ce6d4a45-0247-11ee-bec1-7085c296afc1', 'Palestina', '7db06e60-b1d3-4741-bd44-26d15e4e3b7b'),
('ce6d9f68-0247-11ee-bec1-7085c296afc1', 'Pensilvania', '7db06e60-b1d3-4741-bd44-26d15e4e3b7b'),
('ce6df3ce-0247-11ee-bec1-7085c296afc1', 'Riosucio', '7db06e60-b1d3-4741-bd44-26d15e4e3b7b'),
('ce6e46c0-0247-11ee-bec1-7085c296afc1', '1bfcda7c-3de2-4dbb-b2f4-8daef946202b', '7db06e60-b1d3-4741-bd44-26d15e4e3b7b'),
('ce6e99f9-0247-11ee-bec1-7085c296afc1', 'Salamina', '7db06e60-b1d3-4741-bd44-26d15e4e3b7b'),
('ce6f3f14-0247-11ee-bec1-7085c296afc1', 'Samaná', '7db06e60-b1d3-4741-bd44-26d15e4e3b7b'),
('ce6f940c-0247-11ee-bec1-7085c296afc1', 'San José', '7db06e60-b1d3-4741-bd44-26d15e4e3b7b'),
('ce6feac8-0247-11ee-bec1-7085c296afc1', 'Supía', '7db06e60-b1d3-4741-bd44-26d15e4e3b7b'),
('ce703f77-0247-11ee-bec1-7085c296afc1', 'Victoria', '7db06e60-b1d3-4741-bd44-26d15e4e3b7b'),
('ce70942c-0247-11ee-bec1-7085c296afc1', 'Villamaría', '7db06e60-b1d3-4741-bd44-26d15e4e3b7b'),
('ce717313-0247-11ee-bec1-7085c296afc1', 'Viterbo', '7db06e60-b1d3-4741-bd44-26d15e4e3b7b'),
('ce72022c-0247-11ee-bec1-7085c296afc1', 'Florencia', '912d15ed-3b42-4889-97a3-9420b512e992'),
('ce725770-0247-11ee-bec1-7085c296afc1', 'Albania', '912d15ed-3b42-4889-97a3-9420b512e992'),
('ce72ac03-0247-11ee-bec1-7085c296afc1', 'Curillo', '912d15ed-3b42-4889-97a3-9420b512e992'),
('ce73007b-0247-11ee-bec1-7085c296afc1', 'El Doncello', '912d15ed-3b42-4889-97a3-9420b512e992'),
('ce7357c4-0247-11ee-bec1-7085c296afc1', 'El Paujil', '912d15ed-3b42-4889-97a3-9420b512e992'),
('ce73ac75-0247-11ee-bec1-7085c296afc1', 'Morelia', '912d15ed-3b42-4889-97a3-9420b512e992'),
('ce7400d6-0247-11ee-bec1-7085c296afc1', 'Puerto Rico', '912d15ed-3b42-4889-97a3-9420b512e992'),
('ce74589b-0247-11ee-bec1-7085c296afc1', 'Solano', '912d15ed-3b42-4889-97a3-9420b512e992'),
('ce74ae1f-0247-11ee-bec1-7085c296afc1', 'Solita', '912d15ed-3b42-4889-97a3-9420b512e992'),
('ce750212-0247-11ee-bec1-7085c296afc1', 'Valparaíso', '912d15ed-3b42-4889-97a3-9420b512e992'),
('ce755a03-0247-11ee-bec1-7085c296afc1', 'Popayán', 'b4a010fe-35af-41c7-8f11-d3d5253a7be0'),
('ce75b2b7-0247-11ee-bec1-7085c296afc1', 'Almaguer', 'b4a010fe-35af-41c7-8f11-d3d5253a7be0'),
('ce760786-0247-11ee-bec1-7085c296afc1', 'Argelia', 'b4a010fe-35af-41c7-8f11-d3d5253a7be0'),
('ce765be8-0247-11ee-bec1-7085c296afc1', 'Balboa', 'b4a010fe-35af-41c7-8f11-d3d5253a7be0'),
('ce76afd0-0247-11ee-bec1-7085c296afc1', 'Bolívar', 'b4a010fe-35af-41c7-8f11-d3d5253a7be0'),
('ce770580-0247-11ee-bec1-7085c296afc1', 'Buenos Aires', 'b4a010fe-35af-41c7-8f11-d3d5253a7be0'),
('ce7759bd-0247-11ee-bec1-7085c296afc1', 'Cajibío', 'b4a010fe-35af-41c7-8f11-d3d5253a7be0'),
('ce77b053-0247-11ee-bec1-7085c296afc1', 'Caldono', 'b4a010fe-35af-41c7-8f11-d3d5253a7be0'),
('ce78054c-0247-11ee-bec1-7085c296afc1', 'Caloto', 'b4a010fe-35af-41c7-8f11-d3d5253a7be0'),
('ce7858c5-0247-11ee-bec1-7085c296afc1', 'Corinto', 'b4a010fe-35af-41c7-8f11-d3d5253a7be0'),
('ce78b041-0247-11ee-bec1-7085c296afc1', 'El Tambo', 'b4a010fe-35af-41c7-8f11-d3d5253a7be0'),
('ce7903fe-0247-11ee-bec1-7085c296afc1', 'Florencia', 'b4a010fe-35af-41c7-8f11-d3d5253a7be0'),
('ce795956-0247-11ee-bec1-7085c296afc1', 'Guachené', 'b4a010fe-35af-41c7-8f11-d3d5253a7be0'),
('ce79afe1-0247-11ee-bec1-7085c296afc1', 'Guapi', 'b4a010fe-35af-41c7-8f11-d3d5253a7be0'),
('ce7a0560-0247-11ee-bec1-7085c296afc1', 'Inzá', 'b4a010fe-35af-41c7-8f11-d3d5253a7be0'),
('ce7a5a4a-0247-11ee-bec1-7085c296afc1', 'Jambaló', 'b4a010fe-35af-41c7-8f11-d3d5253a7be0'),
('ce7aad8e-0247-11ee-bec1-7085c296afc1', 'La Sierra', 'b4a010fe-35af-41c7-8f11-d3d5253a7be0'),
('ce7b0407-0247-11ee-bec1-7085c296afc1', 'La Vega', 'b4a010fe-35af-41c7-8f11-d3d5253a7be0'),
('ce7b585f-0247-11ee-bec1-7085c296afc1', 'López', 'b4a010fe-35af-41c7-8f11-d3d5253a7be0'),
('ce7bacc8-0247-11ee-bec1-7085c296afc1', 'Mercaderes', 'b4a010fe-35af-41c7-8f11-d3d5253a7be0'),
('ce7c0196-0247-11ee-bec1-7085c296afc1', 'Miranda', 'b4a010fe-35af-41c7-8f11-d3d5253a7be0'),
('ce7c5961-0247-11ee-bec1-7085c296afc1', 'Morales', 'b4a010fe-35af-41c7-8f11-d3d5253a7be0'),
('ce7cae00-0247-11ee-bec1-7085c296afc1', 'Padilla', 'b4a010fe-35af-41c7-8f11-d3d5253a7be0'),
('ce7d0329-0247-11ee-bec1-7085c296afc1', 'Patía', 'b4a010fe-35af-41c7-8f11-d3d5253a7be0'),
('ce7d57f6-0247-11ee-bec1-7085c296afc1', 'Piamonte', 'b4a010fe-35af-41c7-8f11-d3d5253a7be0'),
('ce7db05a-0247-11ee-bec1-7085c296afc1', 'Piendamó', 'b4a010fe-35af-41c7-8f11-d3d5253a7be0'),
('ce7e04a0-0247-11ee-bec1-7085c296afc1', 'Puerto Tejada', 'b4a010fe-35af-41c7-8f11-d3d5253a7be0'),
('ce7e584a-0247-11ee-bec1-7085c296afc1', 'Puracé', 'b4a010fe-35af-41c7-8f11-d3d5253a7be0'),
('ce7eae14-0247-11ee-bec1-7085c296afc1', 'Rosas', 'b4a010fe-35af-41c7-8f11-d3d5253a7be0'),
('ce7f02b8-0247-11ee-bec1-7085c296afc1', 'Santa Rosa', 'b4a010fe-35af-41c7-8f11-d3d5253a7be0'),
('ce7f5768-0247-11ee-bec1-7085c296afc1', 'Silvia', 'b4a010fe-35af-41c7-8f11-d3d5253a7be0'),
('ce7fab94-0247-11ee-bec1-7085c296afc1', 'Sotara', 'b4a010fe-35af-41c7-8f11-d3d5253a7be0'),
('ce800274-0247-11ee-bec1-7085c296afc1', 'Suárez', 'b4a010fe-35af-41c7-8f11-d3d5253a7be0'),
('ce80565d-0247-11ee-bec1-7085c296afc1', 'b8f5469b-0db2-47e5-8ea0-d1838ed3137a', 'b4a010fe-35af-41c7-8f11-d3d5253a7be0'),
('ce80ab0e-0247-11ee-bec1-7085c296afc1', 'Timbío', 'b4a010fe-35af-41c7-8f11-d3d5253a7be0'),
('ce80ff9b-0247-11ee-bec1-7085c296afc1', 'Timbiquí', 'b4a010fe-35af-41c7-8f11-d3d5253a7be0'),
('ce8154d6-0247-11ee-bec1-7085c296afc1', 'Toribio', 'b4a010fe-35af-41c7-8f11-d3d5253a7be0'),
('ce81a891-0247-11ee-bec1-7085c296afc1', 'Totoró', 'b4a010fe-35af-41c7-8f11-d3d5253a7be0'),
('ce81fce6-0247-11ee-bec1-7085c296afc1', 'Villa Rica', 'b4a010fe-35af-41c7-8f11-d3d5253a7be0'),
('ce824fca-0247-11ee-bec1-7085c296afc1', 'Valledupar', '32f00317-0fd0-468e-9fcf-d7ad6a811b0a'),
('ce82a3da-0247-11ee-bec1-7085c296afc1', 'Aguachica', '32f00317-0fd0-468e-9fcf-d7ad6a811b0a'),
('ce82fc68-0247-11ee-bec1-7085c296afc1', 'Agustín Codazzi', '32f00317-0fd0-468e-9fcf-d7ad6a811b0a'),
('ce835103-0247-11ee-bec1-7085c296afc1', 'Astrea', '32f00317-0fd0-468e-9fcf-d7ad6a811b0a'),
('ce83a61f-0247-11ee-bec1-7085c296afc1', 'Becerril', '32f00317-0fd0-468e-9fcf-d7ad6a811b0a'),
('ce83fcbf-0247-11ee-bec1-7085c296afc1', 'Bosconia', '32f00317-0fd0-468e-9fcf-d7ad6a811b0a'),
('ce844fd8-0247-11ee-bec1-7085c296afc1', 'Chimichagua', '32f00317-0fd0-468e-9fcf-d7ad6a811b0a'),
('ce84a38b-0247-11ee-bec1-7085c296afc1', 'Chiriguaná', '32f00317-0fd0-468e-9fcf-d7ad6a811b0a'),
('ce84f80d-0247-11ee-bec1-7085c296afc1', 'Curumaní', '32f00317-0fd0-468e-9fcf-d7ad6a811b0a'),
('ce854d22-0247-11ee-bec1-7085c296afc1', 'El Copey', '32f00317-0fd0-468e-9fcf-d7ad6a811b0a'),
('ce85a0da-0247-11ee-bec1-7085c296afc1', 'El Paso', '32f00317-0fd0-468e-9fcf-d7ad6a811b0a'),
('ce85f8d0-0247-11ee-bec1-7085c296afc1', 'Gamarra', '32f00317-0fd0-468e-9fcf-d7ad6a811b0a'),
('ce864dd2-0247-11ee-bec1-7085c296afc1', 'González', '32f00317-0fd0-468e-9fcf-d7ad6a811b0a'),
('ce86a661-0247-11ee-bec1-7085c296afc1', 'La Gloria', '32f00317-0fd0-468e-9fcf-d7ad6a811b0a'),
('ce86fbc9-0247-11ee-bec1-7085c296afc1', 'Manaure', '32f00317-0fd0-468e-9fcf-d7ad6a811b0a'),
('ce875043-0247-11ee-bec1-7085c296afc1', 'Pailitas', '32f00317-0fd0-468e-9fcf-d7ad6a811b0a'),
('ce87ef53-0247-11ee-bec1-7085c296afc1', 'Pelaya', '32f00317-0fd0-468e-9fcf-d7ad6a811b0a'),
('ce884792-0247-11ee-bec1-7085c296afc1', 'Pueblo Bello', '32f00317-0fd0-468e-9fcf-d7ad6a811b0a'),
('ce889ae4-0247-11ee-bec1-7085c296afc1', 'La Paz', '32f00317-0fd0-468e-9fcf-d7ad6a811b0a'),
('ce88f023-0247-11ee-bec1-7085c296afc1', 'San Alberto', '32f00317-0fd0-468e-9fcf-d7ad6a811b0a'),
('ce8946b8-0247-11ee-bec1-7085c296afc1', 'San Diego', '32f00317-0fd0-468e-9fcf-d7ad6a811b0a'),
('ce899afe-0247-11ee-bec1-7085c296afc1', 'San Martín', '32f00317-0fd0-468e-9fcf-d7ad6a811b0a'),
('ce89ee45-0247-11ee-bec1-7085c296afc1', 'Tamalameque', '32f00317-0fd0-468e-9fcf-d7ad6a811b0a'),
('ce8a41f9-0247-11ee-bec1-7085c296afc1', 'Montería', '20f7bfe4-70db-4647-8a35-580d9a9be2f4'),
('ce8a9786-0247-11ee-bec1-7085c296afc1', 'Ayapel', '20f7bfe4-70db-4647-8a35-580d9a9be2f4'),
('ce8aeb80-0247-11ee-bec1-7085c296afc1', 'Buenavista', '20f7bfe4-70db-4647-8a35-580d9a9be2f4'),
('ce8b4136-0247-11ee-bec1-7085c296afc1', 'Canalete', '20f7bfe4-70db-4647-8a35-580d9a9be2f4'),
('ce8b9602-0247-11ee-bec1-7085c296afc1', 'Cereté', '20f7bfe4-70db-4647-8a35-580d9a9be2f4'),
('ce8bec55-0247-11ee-bec1-7085c296afc1', 'Chimá', '20f7bfe4-70db-4647-8a35-580d9a9be2f4'),
('ce8c8ba3-0247-11ee-bec1-7085c296afc1', 'Chinú', '20f7bfe4-70db-4647-8a35-580d9a9be2f4'),
('ce8ce05b-0247-11ee-bec1-7085c296afc1', 'Cotorra', '20f7bfe4-70db-4647-8a35-580d9a9be2f4'),
('ce8d3690-0247-11ee-bec1-7085c296afc1', 'Lorica', '20f7bfe4-70db-4647-8a35-580d9a9be2f4'),
('ce8d8f21-0247-11ee-bec1-7085c296afc1', 'Los 20f7bfe4-70db-4647-8a35-580d9a9be2f4s', '20f7bfe4-70db-4647-8a35-580d9a9be2f4'),
('ce8de317-0247-11ee-bec1-7085c296afc1', 'Momil', '20f7bfe4-70db-4647-8a35-580d9a9be2f4'),
('ce8e3795-0247-11ee-bec1-7085c296afc1', 'Moñitos', '20f7bfe4-70db-4647-8a35-580d9a9be2f4'),
('ce8e9089-0247-11ee-bec1-7085c296afc1', 'Planeta Rica', '20f7bfe4-70db-4647-8a35-580d9a9be2f4'),
('ce8ee571-0247-11ee-bec1-7085c296afc1', 'Pueblo Nuevo', '20f7bfe4-70db-4647-8a35-580d9a9be2f4'),
('ce8f39dc-0247-11ee-bec1-7085c296afc1', 'Puerto Escondido', '20f7bfe4-70db-4647-8a35-580d9a9be2f4'),
('ce8f8f5a-0247-11ee-bec1-7085c296afc1', 'Purísima', '20f7bfe4-70db-4647-8a35-580d9a9be2f4'),
('ce8fe664-0247-11ee-bec1-7085c296afc1', 'Sahagún', '20f7bfe4-70db-4647-8a35-580d9a9be2f4'),
('ce903b39-0247-11ee-bec1-7085c296afc1', 'San Andrés Sotavento', '20f7bfe4-70db-4647-8a35-580d9a9be2f4'),
('ce908ed9-0247-11ee-bec1-7085c296afc1', 'San Antero', '20f7bfe4-70db-4647-8a35-580d9a9be2f4'),
('ce90e21d-0247-11ee-bec1-7085c296afc1', 'San Pelayo', '20f7bfe4-70db-4647-8a35-580d9a9be2f4'),
('ce91373c-0247-11ee-bec1-7085c296afc1', 'Tierralta', '20f7bfe4-70db-4647-8a35-580d9a9be2f4'),
('ce918bd8-0247-11ee-bec1-7085c296afc1', 'Tuchín', '20f7bfe4-70db-4647-8a35-580d9a9be2f4'),
('ce91e15d-0247-11ee-bec1-7085c296afc1', 'Valencia', '20f7bfe4-70db-4647-8a35-580d9a9be2f4'),
('ce9235cb-0247-11ee-bec1-7085c296afc1', 'Anapoima', '5f760c3e-1e27-4eae-916e-3b8eac22bc21'),
('ce928a62-0247-11ee-bec1-7085c296afc1', 'Arbeláez', '5f760c3e-1e27-4eae-916e-3b8eac22bc21'),
('ce92e30f-0247-11ee-bec1-7085c296afc1', 'Beltrán', '5f760c3e-1e27-4eae-916e-3b8eac22bc21'),
('ce93380b-0247-11ee-bec1-7085c296afc1', 'Bituima', '5f760c3e-1e27-4eae-916e-3b8eac22bc21'),
('ce938c5d-0247-11ee-bec1-7085c296afc1', 'Bojacá', '5f760c3e-1e27-4eae-916e-3b8eac22bc21'),
('ce93e2f7-0247-11ee-bec1-7085c296afc1', 'Cabrera', '5f760c3e-1e27-4eae-916e-3b8eac22bc21'),
('ce94371b-0247-11ee-bec1-7085c296afc1', 'Cachipay', '5f760c3e-1e27-4eae-916e-3b8eac22bc21'),
('ce9498e0-0247-11ee-bec1-7085c296afc1', 'Cajicá', '5f760c3e-1e27-4eae-916e-3b8eac22bc21'),
('ce94ed00-0247-11ee-bec1-7085c296afc1', 'Caparrapí', '5f760c3e-1e27-4eae-916e-3b8eac22bc21'),
('ce9541f9-0247-11ee-bec1-7085c296afc1', 'Caqueza', '5f760c3e-1e27-4eae-916e-3b8eac22bc21'),
('ce9597fb-0247-11ee-bec1-7085c296afc1', 'Chaguaní', '5f760c3e-1e27-4eae-916e-3b8eac22bc21'),
('ce95ece7-0247-11ee-bec1-7085c296afc1', 'Chipaque', '5f760c3e-1e27-4eae-916e-3b8eac22bc21'),
('ce9642b7-0247-11ee-bec1-7085c296afc1', 'Choachí', '5f760c3e-1e27-4eae-916e-3b8eac22bc21'),
('ce9698b9-0247-11ee-bec1-7085c296afc1', 'Chocontá', '5f760c3e-1e27-4eae-916e-3b8eac22bc21'),
('ce96ef98-0247-11ee-bec1-7085c296afc1', 'Cogua', '5f760c3e-1e27-4eae-916e-3b8eac22bc21'),
('ce9743e9-0247-11ee-bec1-7085c296afc1', 'Cota', '5f760c3e-1e27-4eae-916e-3b8eac22bc21'),
('ce97982c-0247-11ee-bec1-7085c296afc1', 'Cucunubá', '5f760c3e-1e27-4eae-916e-3b8eac22bc21'),
('ce97ec58-0247-11ee-bec1-7085c296afc1', 'El Colegio', '5f760c3e-1e27-4eae-916e-3b8eac22bc21'),
('ce9840b3-0247-11ee-bec1-7085c296afc1', 'El Rosal', '5f760c3e-1e27-4eae-916e-3b8eac22bc21'),
('ce9898dd-0247-11ee-bec1-7085c296afc1', 'Fomeque', '5f760c3e-1e27-4eae-916e-3b8eac22bc21'),
('ce98ed74-0247-11ee-bec1-7085c296afc1', 'Fosca', '5f760c3e-1e27-4eae-916e-3b8eac22bc21'),
('ce9942aa-0247-11ee-bec1-7085c296afc1', 'Funza', '5f760c3e-1e27-4eae-916e-3b8eac22bc21'),
('ce99997f-0247-11ee-bec1-7085c296afc1', 'Fúquene', '5f760c3e-1e27-4eae-916e-3b8eac22bc21'),
('ce99ee0f-0247-11ee-bec1-7085c296afc1', 'Gachala', '5f760c3e-1e27-4eae-916e-3b8eac22bc21'),
('ce9a42b6-0247-11ee-bec1-7085c296afc1', 'Gachancipá', '5f760c3e-1e27-4eae-916e-3b8eac22bc21'),
('ce9a9783-0247-11ee-bec1-7085c296afc1', 'Gachetá', '5f760c3e-1e27-4eae-916e-3b8eac22bc21'),
('ce9aee5f-0247-11ee-bec1-7085c296afc1', 'Girardot', '5f760c3e-1e27-4eae-916e-3b8eac22bc21'),
('ce9b431a-0247-11ee-bec1-7085c296afc1', 'Granada', '5f760c3e-1e27-4eae-916e-3b8eac22bc21'),
('ce9b980c-0247-11ee-bec1-7085c296afc1', 'Guachetá', '5f760c3e-1e27-4eae-916e-3b8eac22bc21'),
('ce9bed15-0247-11ee-bec1-7085c296afc1', 'Guaduas', '5f760c3e-1e27-4eae-916e-3b8eac22bc21'),
('ce9c4227-0247-11ee-bec1-7085c296afc1', 'Guasca', '5f760c3e-1e27-4eae-916e-3b8eac22bc21'),
('ce9c9614-0247-11ee-bec1-7085c296afc1', 'Guataquí', '5f760c3e-1e27-4eae-916e-3b8eac22bc21'),
('ce9ce98a-0247-11ee-bec1-7085c296afc1', 'Guatavita', '5f760c3e-1e27-4eae-916e-3b8eac22bc21'),
('ce9d3d53-0247-11ee-bec1-7085c296afc1', 'Guayabetal', '5f760c3e-1e27-4eae-916e-3b8eac22bc21'),
('ce9d92ca-0247-11ee-bec1-7085c296afc1', 'Gutiérrez', '5f760c3e-1e27-4eae-916e-3b8eac22bc21'),
('ce9deb69-0247-11ee-bec1-7085c296afc1', 'Jerusalén', '5f760c3e-1e27-4eae-916e-3b8eac22bc21'),
('ce9e4009-0247-11ee-bec1-7085c296afc1', 'Junín', '5f760c3e-1e27-4eae-916e-3b8eac22bc21'),
('ce9e9486-0247-11ee-bec1-7085c296afc1', 'La Calera', '5f760c3e-1e27-4eae-916e-3b8eac22bc21'),
('ce9eea6b-0247-11ee-bec1-7085c296afc1', 'La Mesa', '5f760c3e-1e27-4eae-916e-3b8eac22bc21'),
('ce9f3e93-0247-11ee-bec1-7085c296afc1', 'La Palma', '5f760c3e-1e27-4eae-916e-3b8eac22bc21'),
('ce9f9364-0247-11ee-bec1-7085c296afc1', 'La Peña', '5f760c3e-1e27-4eae-916e-3b8eac22bc21'),
('ce9ff16e-0247-11ee-bec1-7085c296afc1', 'La Vega', '5f760c3e-1e27-4eae-916e-3b8eac22bc21'),
('cea046cd-0247-11ee-bec1-7085c296afc1', 'Lenguazaque', '5f760c3e-1e27-4eae-916e-3b8eac22bc21'),
('cea09bac-0247-11ee-bec1-7085c296afc1', 'Macheta', '5f760c3e-1e27-4eae-916e-3b8eac22bc21'),
('cea0f232-0247-11ee-bec1-7085c296afc1', 'Madrid', '5f760c3e-1e27-4eae-916e-3b8eac22bc21'),
('cea145d9-0247-11ee-bec1-7085c296afc1', 'Manta', '5f760c3e-1e27-4eae-916e-3b8eac22bc21'),
('cea19996-0247-11ee-bec1-7085c296afc1', 'Medina', '5f760c3e-1e27-4eae-916e-3b8eac22bc21'),
('cea1ed36-0247-11ee-bec1-7085c296afc1', 'Mosquera', '5f760c3e-1e27-4eae-916e-3b8eac22bc21'),
('cea24046-0247-11ee-bec1-7085c296afc1', 'Nariño', '5f760c3e-1e27-4eae-916e-3b8eac22bc21'),
('cea29870-0247-11ee-bec1-7085c296afc1', 'Nemocón', '5f760c3e-1e27-4eae-916e-3b8eac22bc21'),
('cea2ede6-0247-11ee-bec1-7085c296afc1', 'Nilo', '5f760c3e-1e27-4eae-916e-3b8eac22bc21'),
('cea3426c-0247-11ee-bec1-7085c296afc1', 'Nimaima', '5f760c3e-1e27-4eae-916e-3b8eac22bc21'),
('cea398c9-0247-11ee-bec1-7085c296afc1', 'Nocaima', '5f760c3e-1e27-4eae-916e-3b8eac22bc21'),
('cea3eca1-0247-11ee-bec1-7085c296afc1', 'Venecia', '5f760c3e-1e27-4eae-916e-3b8eac22bc21'),
('cea43fb9-0247-11ee-bec1-7085c296afc1', 'Pacho', '5f760c3e-1e27-4eae-916e-3b8eac22bc21'),
('cea49401-0247-11ee-bec1-7085c296afc1', 'Paime', '5f760c3e-1e27-4eae-916e-3b8eac22bc21'),
('cea4f425-0247-11ee-bec1-7085c296afc1', 'Pandi', '5f760c3e-1e27-4eae-916e-3b8eac22bc21'),
('cea547a7-0247-11ee-bec1-7085c296afc1', 'Paratebueno', '5f760c3e-1e27-4eae-916e-3b8eac22bc21'),
('cea59c87-0247-11ee-bec1-7085c296afc1', 'Pasca', '5f760c3e-1e27-4eae-916e-3b8eac22bc21'),
('cea5f28f-0247-11ee-bec1-7085c296afc1', 'Puerto Salgar', '5f760c3e-1e27-4eae-916e-3b8eac22bc21'),
('cea646dc-0247-11ee-bec1-7085c296afc1', 'Pulí', '5f760c3e-1e27-4eae-916e-3b8eac22bc21'),
('cea69b86-0247-11ee-bec1-7085c296afc1', 'Quebradanegra', '5f760c3e-1e27-4eae-916e-3b8eac22bc21'),
('cea6f0fb-0247-11ee-bec1-7085c296afc1', 'Quetame', '5f760c3e-1e27-4eae-916e-3b8eac22bc21'),
('cea745ce-0247-11ee-bec1-7085c296afc1', 'Quipile', '5f760c3e-1e27-4eae-916e-3b8eac22bc21'),
('cea79e41-0247-11ee-bec1-7085c296afc1', 'Apulo', '5f760c3e-1e27-4eae-916e-3b8eac22bc21'),
('cea7f253-0247-11ee-bec1-7085c296afc1', 'Ricaurte', '5f760c3e-1e27-4eae-916e-3b8eac22bc21'),
('cea84651-0247-11ee-bec1-7085c296afc1', 'San Bernardo', '5f760c3e-1e27-4eae-916e-3b8eac22bc21'),
('cea89d4c-0247-11ee-bec1-7085c296afc1', 'San Cayetano', '5f760c3e-1e27-4eae-916e-3b8eac22bc21'),
('cea8f1ed-0247-11ee-bec1-7085c296afc1', 'San Francisco', '5f760c3e-1e27-4eae-916e-3b8eac22bc21'),
('cea947c0-0247-11ee-bec1-7085c296afc1', 'Sesquilé', '5f760c3e-1e27-4eae-916e-3b8eac22bc21'),
('cea99c7e-0247-11ee-bec1-7085c296afc1', 'Sibaté', '5f760c3e-1e27-4eae-916e-3b8eac22bc21'),
('cea9f239-0247-11ee-bec1-7085c296afc1', 'Silvania', '5f760c3e-1e27-4eae-916e-3b8eac22bc21'),
('ceaa46df-0247-11ee-bec1-7085c296afc1', 'Simijaca', '5f760c3e-1e27-4eae-916e-3b8eac22bc21'),
('ceaa9b2e-0247-11ee-bec1-7085c296afc1', 'Soacha', '5f760c3e-1e27-4eae-916e-3b8eac22bc21'),
('ceaaef53-0247-11ee-bec1-7085c296afc1', 'Subachoque', '5f760c3e-1e27-4eae-916e-3b8eac22bc21'),
('ceab51bb-0247-11ee-bec1-7085c296afc1', 'Suesca', '5f760c3e-1e27-4eae-916e-3b8eac22bc21'),
('ceaba6d5-0247-11ee-bec1-7085c296afc1', 'Supatá', '5f760c3e-1e27-4eae-916e-3b8eac22bc21'),
('ceabffbc-0247-11ee-bec1-7085c296afc1', 'Susa', '5f760c3e-1e27-4eae-916e-3b8eac22bc21'),
('ceac5428-0247-11ee-bec1-7085c296afc1', 'Sutatausa', '5f760c3e-1e27-4eae-916e-3b8eac22bc21'),
('ceaca744-0247-11ee-bec1-7085c296afc1', 'Tabio', '5f760c3e-1e27-4eae-916e-3b8eac22bc21'),
('ceacfcdd-0247-11ee-bec1-7085c296afc1', 'Tausa', '5f760c3e-1e27-4eae-916e-3b8eac22bc21'),
('cead514c-0247-11ee-bec1-7085c296afc1', 'Tena', '5f760c3e-1e27-4eae-916e-3b8eac22bc21'),
('ceada570-0247-11ee-bec1-7085c296afc1', 'Tenjo', '5f760c3e-1e27-4eae-916e-3b8eac22bc21'),
('ceadf9be-0247-11ee-bec1-7085c296afc1', 'Tibacuy', '5f760c3e-1e27-4eae-916e-3b8eac22bc21'),
('ceae50c0-0247-11ee-bec1-7085c296afc1', 'Tibirita', '5f760c3e-1e27-4eae-916e-3b8eac22bc21'),
('ceaea539-0247-11ee-bec1-7085c296afc1', 'Tocaima', '5f760c3e-1e27-4eae-916e-3b8eac22bc21'),
('ceaef8ee-0247-11ee-bec1-7085c296afc1', 'Tocancipá', '5f760c3e-1e27-4eae-916e-3b8eac22bc21'),
('ceaf4e10-0247-11ee-bec1-7085c296afc1', 'Topaipí', '5f760c3e-1e27-4eae-916e-3b8eac22bc21'),
('ceafa440-0247-11ee-bec1-7085c296afc1', 'Ubalá', '5f760c3e-1e27-4eae-916e-3b8eac22bc21'),
('ceaff827-0247-11ee-bec1-7085c296afc1', 'Ubaque', '5f760c3e-1e27-4eae-916e-3b8eac22bc21'),
('ceb04ca7-0247-11ee-bec1-7085c296afc1', 'Une', '5f760c3e-1e27-4eae-916e-3b8eac22bc21'),
('ceb0a0ee-0247-11ee-bec1-7085c296afc1', 'Útica', '5f760c3e-1e27-4eae-916e-3b8eac22bc21'),
('ceb0f420-0247-11ee-bec1-7085c296afc1', 'Vianí', '5f760c3e-1e27-4eae-916e-3b8eac22bc21'),
('ceb14c3c-0247-11ee-bec1-7085c296afc1', 'Villagómez', '5f760c3e-1e27-4eae-916e-3b8eac22bc21'),
('ceb1a210-0247-11ee-bec1-7085c296afc1', 'Villapinzón', '5f760c3e-1e27-4eae-916e-3b8eac22bc21'),
('ceb1f704-0247-11ee-bec1-7085c296afc1', 'Villeta', '5f760c3e-1e27-4eae-916e-3b8eac22bc21'),
('ceb24d19-0247-11ee-bec1-7085c296afc1', 'Viotá', '5f760c3e-1e27-4eae-916e-3b8eac22bc21'),
('ceb2a071-0247-11ee-bec1-7085c296afc1', 'Zipacón', '5f760c3e-1e27-4eae-916e-3b8eac22bc21'),
('ceb2f423-0247-11ee-bec1-7085c296afc1', 'Quibdó', '46c065e1-f0b6-40c1-95f1-6d84a6178577'),
('ceb3485c-0247-11ee-bec1-7085c296afc1', 'Acandí', '46c065e1-f0b6-40c1-95f1-6d84a6178577'),
('ceb39eff-0247-11ee-bec1-7085c296afc1', 'Alto Baudo', '46c065e1-f0b6-40c1-95f1-6d84a6178577'),
('ceb3f392-0247-11ee-bec1-7085c296afc1', 'Atrato', '46c065e1-f0b6-40c1-95f1-6d84a6178577'),
('ceb4483f-0247-11ee-bec1-7085c296afc1', 'Bagadó', '46c065e1-f0b6-40c1-95f1-6d84a6178577'),
('ceb49ba8-0247-11ee-bec1-7085c296afc1', 'Bahía Solano', '46c065e1-f0b6-40c1-95f1-6d84a6178577'),
('ceb4f16a-0247-11ee-bec1-7085c296afc1', 'Bajo Baudó', '46c065e1-f0b6-40c1-95f1-6d84a6178577'),
('ceb545b9-0247-11ee-bec1-7085c296afc1', 'Bojaya', '46c065e1-f0b6-40c1-95f1-6d84a6178577'),
('ceb59a24-0247-11ee-bec1-7085c296afc1', 'Cértegui', '46c065e1-f0b6-40c1-95f1-6d84a6178577'),
('ceb5f069-0247-11ee-bec1-7085c296afc1', 'Condoto', '46c065e1-f0b6-40c1-95f1-6d84a6178577'),
('ceb645b3-0247-11ee-bec1-7085c296afc1', 'Juradó', '46c065e1-f0b6-40c1-95f1-6d84a6178577'),
('ceb69de4-0247-11ee-bec1-7085c296afc1', 'Lloró', '46c065e1-f0b6-40c1-95f1-6d84a6178577'),
('ceb6f250-0247-11ee-bec1-7085c296afc1', 'Medio Atrato', '46c065e1-f0b6-40c1-95f1-6d84a6178577'),
('ceb746fe-0247-11ee-bec1-7085c296afc1', 'Medio Baudó', '46c065e1-f0b6-40c1-95f1-6d84a6178577'),
('ceb79d5a-0247-11ee-bec1-7085c296afc1', 'Medio San Juan', '46c065e1-f0b6-40c1-95f1-6d84a6178577'),
('ceb7f1c3-0247-11ee-bec1-7085c296afc1', 'Nóvita', '46c065e1-f0b6-40c1-95f1-6d84a6178577'),
('ceb84621-0247-11ee-bec1-7085c296afc1', 'Nuquí', '46c065e1-f0b6-40c1-95f1-6d84a6178577'),
('ceb89985-0247-11ee-bec1-7085c296afc1', 'Río Iro', '46c065e1-f0b6-40c1-95f1-6d84a6178577'),
('ceb8f069-0247-11ee-bec1-7085c296afc1', 'Río Quito', '46c065e1-f0b6-40c1-95f1-6d84a6178577');
INSERT INTO `towns` (`id`, `name`, `department_id`) VALUES
('ceb949bb-0247-11ee-bec1-7085c296afc1', 'Riosucio', '46c065e1-f0b6-40c1-95f1-6d84a6178577'),
('ceb9ef61-0247-11ee-bec1-7085c296afc1', 'Sipí', '46c065e1-f0b6-40c1-95f1-6d84a6178577'),
('ceba4860-0247-11ee-bec1-7085c296afc1', 'Unguía', '46c065e1-f0b6-40c1-95f1-6d84a6178577'),
('ceba9e78-0247-11ee-bec1-7085c296afc1', 'Neiva', 'd40647bc-15b1-4e43-b5fd-3d7ef35c588e'),
('cebaf4c3-0247-11ee-bec1-7085c296afc1', 'Acevedo', 'd40647bc-15b1-4e43-b5fd-3d7ef35c588e'),
('cebb4b71-0247-11ee-bec1-7085c296afc1', 'Agrado', 'd40647bc-15b1-4e43-b5fd-3d7ef35c588e'),
('cebba01c-0247-11ee-bec1-7085c296afc1', 'Aipe', 'd40647bc-15b1-4e43-b5fd-3d7ef35c588e'),
('cebbf948-0247-11ee-bec1-7085c296afc1', 'Algeciras', 'd40647bc-15b1-4e43-b5fd-3d7ef35c588e'),
('cebc501e-0247-11ee-bec1-7085c296afc1', 'Altamira', 'd40647bc-15b1-4e43-b5fd-3d7ef35c588e'),
('cebca4ef-0247-11ee-bec1-7085c296afc1', 'Baraya', 'd40647bc-15b1-4e43-b5fd-3d7ef35c588e'),
('cebd0882-0247-11ee-bec1-7085c296afc1', 'Campoalegre', 'd40647bc-15b1-4e43-b5fd-3d7ef35c588e'),
('cebd5c55-0247-11ee-bec1-7085c296afc1', 'Colombia', 'd40647bc-15b1-4e43-b5fd-3d7ef35c588e'),
('cebdb060-0247-11ee-bec1-7085c296afc1', 'Elías', 'd40647bc-15b1-4e43-b5fd-3d7ef35c588e'),
('cebe050c-0247-11ee-bec1-7085c296afc1', 'Garzón', 'd40647bc-15b1-4e43-b5fd-3d7ef35c588e'),
('cebe5b52-0247-11ee-bec1-7085c296afc1', 'Gigante', 'd40647bc-15b1-4e43-b5fd-3d7ef35c588e'),
('cebeae99-0247-11ee-bec1-7085c296afc1', 'Guadalupe', 'd40647bc-15b1-4e43-b5fd-3d7ef35c588e'),
('cebf0239-0247-11ee-bec1-7085c296afc1', 'Hobo', 'd40647bc-15b1-4e43-b5fd-3d7ef35c588e'),
('cebf5710-0247-11ee-bec1-7085c296afc1', 'Iquira', 'd40647bc-15b1-4e43-b5fd-3d7ef35c588e'),
('cebfae13-0247-11ee-bec1-7085c296afc1', 'Isnos', 'd40647bc-15b1-4e43-b5fd-3d7ef35c588e'),
('cec00225-0247-11ee-bec1-7085c296afc1', 'La Argentina', 'd40647bc-15b1-4e43-b5fd-3d7ef35c588e'),
('cec056c2-0247-11ee-bec1-7085c296afc1', 'La Plata', 'd40647bc-15b1-4e43-b5fd-3d7ef35c588e'),
('cec0ab56-0247-11ee-bec1-7085c296afc1', 'Nátaga', 'd40647bc-15b1-4e43-b5fd-3d7ef35c588e'),
('cec0fff8-0247-11ee-bec1-7085c296afc1', 'Oporapa', 'd40647bc-15b1-4e43-b5fd-3d7ef35c588e'),
('cec157cf-0247-11ee-bec1-7085c296afc1', 'Paicol', 'd40647bc-15b1-4e43-b5fd-3d7ef35c588e'),
('cec1acab-0247-11ee-bec1-7085c296afc1', 'Palermo', 'd40647bc-15b1-4e43-b5fd-3d7ef35c588e'),
('cec201ff-0247-11ee-bec1-7085c296afc1', 'Palestina', 'd40647bc-15b1-4e43-b5fd-3d7ef35c588e'),
('cec25820-0247-11ee-bec1-7085c296afc1', 'Pital', 'd40647bc-15b1-4e43-b5fd-3d7ef35c588e'),
('cec2ad6f-0247-11ee-bec1-7085c296afc1', 'Pitalito', 'd40647bc-15b1-4e43-b5fd-3d7ef35c588e'),
('cec300fd-0247-11ee-bec1-7085c296afc1', 'Rivera', 'd40647bc-15b1-4e43-b5fd-3d7ef35c588e'),
('cec35811-0247-11ee-bec1-7085c296afc1', 'Saladoblanco', 'd40647bc-15b1-4e43-b5fd-3d7ef35c588e'),
('cec3ae5f-0247-11ee-bec1-7085c296afc1', 'Santa María', 'd40647bc-15b1-4e43-b5fd-3d7ef35c588e'),
('cec40434-0247-11ee-bec1-7085c296afc1', 'Suaza', 'd40647bc-15b1-4e43-b5fd-3d7ef35c588e'),
('cec4592a-0247-11ee-bec1-7085c296afc1', 'Tarqui', 'd40647bc-15b1-4e43-b5fd-3d7ef35c588e'),
('cec4b011-0247-11ee-bec1-7085c296afc1', 'Tesalia', 'd40647bc-15b1-4e43-b5fd-3d7ef35c588e'),
('cec50594-0247-11ee-bec1-7085c296afc1', 'Tello', 'd40647bc-15b1-4e43-b5fd-3d7ef35c588e'),
('cec55c7a-0247-11ee-bec1-7085c296afc1', 'Teruel', 'd40647bc-15b1-4e43-b5fd-3d7ef35c588e'),
('cec5b26b-0247-11ee-bec1-7085c296afc1', 'Timaná', 'd40647bc-15b1-4e43-b5fd-3d7ef35c588e'),
('cec60c80-0247-11ee-bec1-7085c296afc1', 'Villavieja', 'd40647bc-15b1-4e43-b5fd-3d7ef35c588e'),
('cec661d4-0247-11ee-bec1-7085c296afc1', 'Yaguará', 'd40647bc-15b1-4e43-b5fd-3d7ef35c588e'),
('cec6b962-0247-11ee-bec1-7085c296afc1', 'Riohacha', 'e620c7c7-5477-4a5b-8165-53b4e6d542fe'),
('cec7115d-0247-11ee-bec1-7085c296afc1', 'Albania', 'e620c7c7-5477-4a5b-8165-53b4e6d542fe'),
('cec765fc-0247-11ee-bec1-7085c296afc1', 'Barrancas', 'e620c7c7-5477-4a5b-8165-53b4e6d542fe'),
('cec7b9bd-0247-11ee-bec1-7085c296afc1', 'Dibula', 'e620c7c7-5477-4a5b-8165-53b4e6d542fe'),
('cec80d61-0247-11ee-bec1-7085c296afc1', 'Distracción', 'e620c7c7-5477-4a5b-8165-53b4e6d542fe'),
('cec86541-0247-11ee-bec1-7085c296afc1', 'El Molino', 'e620c7c7-5477-4a5b-8165-53b4e6d542fe'),
('cec8bae8-0247-11ee-bec1-7085c296afc1', 'Fonseca', 'e620c7c7-5477-4a5b-8165-53b4e6d542fe'),
('cec91179-0247-11ee-bec1-7085c296afc1', 'Hatonuevo', 'e620c7c7-5477-4a5b-8165-53b4e6d542fe'),
('cec96677-0247-11ee-bec1-7085c296afc1', 'Maicao', 'e620c7c7-5477-4a5b-8165-53b4e6d542fe'),
('cec9bc69-0247-11ee-bec1-7085c296afc1', 'Manaure', 'e620c7c7-5477-4a5b-8165-53b4e6d542fe'),
('ceca13b0-0247-11ee-bec1-7085c296afc1', 'Uribia', 'e620c7c7-5477-4a5b-8165-53b4e6d542fe'),
('ceca6a02-0247-11ee-bec1-7085c296afc1', 'Urumita', 'e620c7c7-5477-4a5b-8165-53b4e6d542fe'),
('cecabf06-0247-11ee-bec1-7085c296afc1', 'Villanueva', 'e620c7c7-5477-4a5b-8165-53b4e6d542fe'),
('cecb17db-0247-11ee-bec1-7085c296afc1', 'Santa Marta', '3f5c803a-b13e-4bc1-ae53-21c07fb9a786'),
('cecb6d8a-0247-11ee-bec1-7085c296afc1', 'Algarrobo', '3f5c803a-b13e-4bc1-ae53-21c07fb9a786'),
('cecbc268-0247-11ee-bec1-7085c296afc1', 'Aracataca', '3f5c803a-b13e-4bc1-ae53-21c07fb9a786'),
('cecc18b7-0247-11ee-bec1-7085c296afc1', 'Ariguaní', '3f5c803a-b13e-4bc1-ae53-21c07fb9a786'),
('ceccbcf1-0247-11ee-bec1-7085c296afc1', 'Cerro San Antonio', '3f5c803a-b13e-4bc1-ae53-21c07fb9a786'),
('cecd1205-0247-11ee-bec1-7085c296afc1', 'Chivolo', '3f5c803a-b13e-4bc1-ae53-21c07fb9a786'),
('cecd679e-0247-11ee-bec1-7085c296afc1', 'Concordia', '3f5c803a-b13e-4bc1-ae53-21c07fb9a786'),
('cecdbc80-0247-11ee-bec1-7085c296afc1', 'El Banco', '3f5c803a-b13e-4bc1-ae53-21c07fb9a786'),
('cece10af-0247-11ee-bec1-7085c296afc1', 'El Piñon', '3f5c803a-b13e-4bc1-ae53-21c07fb9a786'),
('cece6571-0247-11ee-bec1-7085c296afc1', 'El Retén', '3f5c803a-b13e-4bc1-ae53-21c07fb9a786'),
('cecebc71-0247-11ee-bec1-7085c296afc1', 'Fundación', '3f5c803a-b13e-4bc1-ae53-21c07fb9a786'),
('cecf0ff9-0247-11ee-bec1-7085c296afc1', 'Guamal', '3f5c803a-b13e-4bc1-ae53-21c07fb9a786'),
('cecf62d4-0247-11ee-bec1-7085c296afc1', 'Nueva Granada', '3f5c803a-b13e-4bc1-ae53-21c07fb9a786'),
('cecfb709-0247-11ee-bec1-7085c296afc1', 'Pedraza', '3f5c803a-b13e-4bc1-ae53-21c07fb9a786'),
('ced00f76-0247-11ee-bec1-7085c296afc1', 'Pivijay', '3f5c803a-b13e-4bc1-ae53-21c07fb9a786'),
('ced064b4-0247-11ee-bec1-7085c296afc1', 'Plato', '3f5c803a-b13e-4bc1-ae53-21c07fb9a786'),
('ced0b927-0247-11ee-bec1-7085c296afc1', 'Remolino', '3f5c803a-b13e-4bc1-ae53-21c07fb9a786'),
('ced10ee9-0247-11ee-bec1-7085c296afc1', 'Salamina', '3f5c803a-b13e-4bc1-ae53-21c07fb9a786'),
('ced162cf-0247-11ee-bec1-7085c296afc1', 'San Zenón', '3f5c803a-b13e-4bc1-ae53-21c07fb9a786'),
('ced1b83c-0247-11ee-bec1-7085c296afc1', 'Santa Ana', '3f5c803a-b13e-4bc1-ae53-21c07fb9a786'),
('ced20c57-0247-11ee-bec1-7085c296afc1', 'Sitionuevo', '3f5c803a-b13e-4bc1-ae53-21c07fb9a786'),
('ced26355-0247-11ee-bec1-7085c296afc1', 'Tenerife', '3f5c803a-b13e-4bc1-ae53-21c07fb9a786'),
('ced2b7f0-0247-11ee-bec1-7085c296afc1', 'Zapayán', '3f5c803a-b13e-4bc1-ae53-21c07fb9a786'),
('ced30bdb-0247-11ee-bec1-7085c296afc1', 'Zona Bananera', '3f5c803a-b13e-4bc1-ae53-21c07fb9a786'),
('ced35fbd-0247-11ee-bec1-7085c296afc1', 'Villavicencio', '2d9aebe5-8a0a-4f86-9975-52d3f58b7f6f'),
('ced3b77b-0247-11ee-bec1-7085c296afc1', 'Acacias', '2d9aebe5-8a0a-4f86-9975-52d3f58b7f6f'),
('ced40bdb-0247-11ee-bec1-7085c296afc1', 'Cabuyaro', '2d9aebe5-8a0a-4f86-9975-52d3f58b7f6f'),
('ced46021-0247-11ee-bec1-7085c296afc1', 'Cubarral', '2d9aebe5-8a0a-4f86-9975-52d3f58b7f6f'),
('ced4c31e-0247-11ee-bec1-7085c296afc1', 'Cumaral', '2d9aebe5-8a0a-4f86-9975-52d3f58b7f6f'),
('ced51e8f-0247-11ee-bec1-7085c296afc1', 'El Calvario', '2d9aebe5-8a0a-4f86-9975-52d3f58b7f6f'),
('ced57254-0247-11ee-bec1-7085c296afc1', 'El Castillo', '2d9aebe5-8a0a-4f86-9975-52d3f58b7f6f'),
('ced5cb10-0247-11ee-bec1-7085c296afc1', 'El Dorado', '2d9aebe5-8a0a-4f86-9975-52d3f58b7f6f'),
('ced61e66-0247-11ee-bec1-7085c296afc1', 'Granada', '2d9aebe5-8a0a-4f86-9975-52d3f58b7f6f'),
('ced672e9-0247-11ee-bec1-7085c296afc1', 'Guamal', '2d9aebe5-8a0a-4f86-9975-52d3f58b7f6f'),
('ced6c889-0247-11ee-bec1-7085c296afc1', 'Mapiripán', '2d9aebe5-8a0a-4f86-9975-52d3f58b7f6f'),
('ced71d76-0247-11ee-bec1-7085c296afc1', 'Mesetas', '2d9aebe5-8a0a-4f86-9975-52d3f58b7f6f'),
('ced7722e-0247-11ee-bec1-7085c296afc1', 'La Macarena', '2d9aebe5-8a0a-4f86-9975-52d3f58b7f6f'),
('ced7ca9f-0247-11ee-bec1-7085c296afc1', 'Lejanías', '2d9aebe5-8a0a-4f86-9975-52d3f58b7f6f'),
('ced821fb-0247-11ee-bec1-7085c296afc1', 'Puerto Concordia', '2d9aebe5-8a0a-4f86-9975-52d3f58b7f6f'),
('ced87642-0247-11ee-bec1-7085c296afc1', 'Puerto Gaitán', '2d9aebe5-8a0a-4f86-9975-52d3f58b7f6f'),
('ced8cb8d-0247-11ee-bec1-7085c296afc1', 'Puerto López', '2d9aebe5-8a0a-4f86-9975-52d3f58b7f6f'),
('ced9223f-0247-11ee-bec1-7085c296afc1', 'Puerto Lleras', '2d9aebe5-8a0a-4f86-9975-52d3f58b7f6f'),
('ced978aa-0247-11ee-bec1-7085c296afc1', 'Puerto Rico', '2d9aebe5-8a0a-4f86-9975-52d3f58b7f6f'),
('ced9cdd7-0247-11ee-bec1-7085c296afc1', 'Restrepo', '2d9aebe5-8a0a-4f86-9975-52d3f58b7f6f'),
('ceda2345-0247-11ee-bec1-7085c296afc1', 'San Juanito', '2d9aebe5-8a0a-4f86-9975-52d3f58b7f6f'),
('ceda77b1-0247-11ee-bec1-7085c296afc1', 'San Martín', '2d9aebe5-8a0a-4f86-9975-52d3f58b7f6f'),
('cedacafd-0247-11ee-bec1-7085c296afc1', 'Vista Hermosa', '2d9aebe5-8a0a-4f86-9975-52d3f58b7f6f'),
('cedb2409-0247-11ee-bec1-7085c296afc1', 'Pasto', 'b0b3f71e-f3ad-416d-9d66-1f66ef4ab8a4'),
('cedb7a11-0247-11ee-bec1-7085c296afc1', 'Albán', 'b0b3f71e-f3ad-416d-9d66-1f66ef4ab8a4'),
('cedbcfba-0247-11ee-bec1-7085c296afc1', 'Aldana', 'b0b3f71e-f3ad-416d-9d66-1f66ef4ab8a4'),
('cedc2643-0247-11ee-bec1-7085c296afc1', 'Ancuyá', 'b0b3f71e-f3ad-416d-9d66-1f66ef4ab8a4'),
('cedc7ae9-0247-11ee-bec1-7085c296afc1', 'Barbacoas', 'b0b3f71e-f3ad-416d-9d66-1f66ef4ab8a4'),
('cedcceaa-0247-11ee-bec1-7085c296afc1', 'Colón', 'b0b3f71e-f3ad-416d-9d66-1f66ef4ab8a4'),
('cedd21c0-0247-11ee-bec1-7085c296afc1', 'Consaca', 'b0b3f71e-f3ad-416d-9d66-1f66ef4ab8a4'),
('cedd77ae-0247-11ee-bec1-7085c296afc1', 'Contadero', 'b0b3f71e-f3ad-416d-9d66-1f66ef4ab8a4'),
('ceddcc20-0247-11ee-bec1-7085c296afc1', '20f7bfe4-70db-4647-8a35-580d9a9be2f4', 'b0b3f71e-f3ad-416d-9d66-1f66ef4ab8a4'),
('cede20d1-0247-11ee-bec1-7085c296afc1', 'Cuaspud', 'b0b3f71e-f3ad-416d-9d66-1f66ef4ab8a4'),
('cede7525-0247-11ee-bec1-7085c296afc1', 'Cumbal', 'b0b3f71e-f3ad-416d-9d66-1f66ef4ab8a4'),
('cedecb32-0247-11ee-bec1-7085c296afc1', 'Cumbitara', 'b0b3f71e-f3ad-416d-9d66-1f66ef4ab8a4'),
('cedf22aa-0247-11ee-bec1-7085c296afc1', 'El Charco', 'b0b3f71e-f3ad-416d-9d66-1f66ef4ab8a4'),
('cedfc3ea-0247-11ee-bec1-7085c296afc1', 'El Peñol', 'b0b3f71e-f3ad-416d-9d66-1f66ef4ab8a4'),
('cee01be1-0247-11ee-bec1-7085c296afc1', 'El Rosario', 'b0b3f71e-f3ad-416d-9d66-1f66ef4ab8a4'),
('cee07713-0247-11ee-bec1-7085c296afc1', 'El Tambo', 'b0b3f71e-f3ad-416d-9d66-1f66ef4ab8a4'),
('cee0cd02-0247-11ee-bec1-7085c296afc1', 'Funes', 'b0b3f71e-f3ad-416d-9d66-1f66ef4ab8a4'),
('cee122dd-0247-11ee-bec1-7085c296afc1', 'Guachucal', 'b0b3f71e-f3ad-416d-9d66-1f66ef4ab8a4'),
('cee17a70-0247-11ee-bec1-7085c296afc1', 'Guaitarilla', 'b0b3f71e-f3ad-416d-9d66-1f66ef4ab8a4'),
('cee1cef9-0247-11ee-bec1-7085c296afc1', 'Gualmatán', 'b0b3f71e-f3ad-416d-9d66-1f66ef4ab8a4'),
('cee223ef-0247-11ee-bec1-7085c296afc1', 'Iles', 'b0b3f71e-f3ad-416d-9d66-1f66ef4ab8a4'),
('cee27e67-0247-11ee-bec1-7085c296afc1', 'Imués', 'b0b3f71e-f3ad-416d-9d66-1f66ef4ab8a4'),
('cee2d533-0247-11ee-bec1-7085c296afc1', 'Ipiales', 'b0b3f71e-f3ad-416d-9d66-1f66ef4ab8a4'),
('cee329df-0247-11ee-bec1-7085c296afc1', 'La Cruz', 'b0b3f71e-f3ad-416d-9d66-1f66ef4ab8a4'),
('cee37e47-0247-11ee-bec1-7085c296afc1', 'La Florida', 'b0b3f71e-f3ad-416d-9d66-1f66ef4ab8a4'),
('cee3d337-0247-11ee-bec1-7085c296afc1', 'La Llanada', 'b0b3f71e-f3ad-416d-9d66-1f66ef4ab8a4'),
('cee42917-0247-11ee-bec1-7085c296afc1', 'La Tola', 'b0b3f71e-f3ad-416d-9d66-1f66ef4ab8a4'),
('cee47cb1-0247-11ee-bec1-7085c296afc1', 'La Unión', 'b0b3f71e-f3ad-416d-9d66-1f66ef4ab8a4'),
('cee4d203-0247-11ee-bec1-7085c296afc1', 'Leiva', 'b0b3f71e-f3ad-416d-9d66-1f66ef4ab8a4'),
('cee52800-0247-11ee-bec1-7085c296afc1', 'Linares', 'b0b3f71e-f3ad-416d-9d66-1f66ef4ab8a4'),
('cee57c13-0247-11ee-bec1-7085c296afc1', 'Los Andes', 'b0b3f71e-f3ad-416d-9d66-1f66ef4ab8a4'),
('cee5d556-0247-11ee-bec1-7085c296afc1', 'Magüí', 'b0b3f71e-f3ad-416d-9d66-1f66ef4ab8a4'),
('cee62a0f-0247-11ee-bec1-7085c296afc1', 'Mallama', 'b0b3f71e-f3ad-416d-9d66-1f66ef4ab8a4'),
('cee67e34-0247-11ee-bec1-7085c296afc1', 'Mosquera', 'b0b3f71e-f3ad-416d-9d66-1f66ef4ab8a4'),
('cee6d55b-0247-11ee-bec1-7085c296afc1', 'Nariño', 'b0b3f71e-f3ad-416d-9d66-1f66ef4ab8a4'),
('cee72cb5-0247-11ee-bec1-7085c296afc1', 'Olaya Herrera', 'b0b3f71e-f3ad-416d-9d66-1f66ef4ab8a4'),
('cee781b9-0247-11ee-bec1-7085c296afc1', 'Ospina', 'b0b3f71e-f3ad-416d-9d66-1f66ef4ab8a4'),
('cee7d58f-0247-11ee-bec1-7085c296afc1', 'Francisco Pizarro', 'b0b3f71e-f3ad-416d-9d66-1f66ef4ab8a4'),
('cee82cb2-0247-11ee-bec1-7085c296afc1', 'Policarpa', 'b0b3f71e-f3ad-416d-9d66-1f66ef4ab8a4'),
('cee880da-0247-11ee-bec1-7085c296afc1', 'Potosí', 'b0b3f71e-f3ad-416d-9d66-1f66ef4ab8a4'),
('cee8dc9d-0247-11ee-bec1-7085c296afc1', 'Providencia', 'b0b3f71e-f3ad-416d-9d66-1f66ef4ab8a4'),
('cee93140-0247-11ee-bec1-7085c296afc1', 'Puerres', 'b0b3f71e-f3ad-416d-9d66-1f66ef4ab8a4'),
('cee987b5-0247-11ee-bec1-7085c296afc1', 'Pupiales', 'b0b3f71e-f3ad-416d-9d66-1f66ef4ab8a4'),
('cee9ddd0-0247-11ee-bec1-7085c296afc1', 'Ricaurte', 'b0b3f71e-f3ad-416d-9d66-1f66ef4ab8a4'),
('ceea3353-0247-11ee-bec1-7085c296afc1', 'Roberto Payán', 'b0b3f71e-f3ad-416d-9d66-1f66ef4ab8a4'),
('ceea88d7-0247-11ee-bec1-7085c296afc1', 'Samaniego', 'b0b3f71e-f3ad-416d-9d66-1f66ef4ab8a4'),
('ceeadd46-0247-11ee-bec1-7085c296afc1', 'Sandoná', 'b0b3f71e-f3ad-416d-9d66-1f66ef4ab8a4'),
('ceeb3671-0247-11ee-bec1-7085c296afc1', 'San Bernardo', 'b0b3f71e-f3ad-416d-9d66-1f66ef4ab8a4'),
('ceeb8bae-0247-11ee-bec1-7085c296afc1', 'San Lorenzo', 'b0b3f71e-f3ad-416d-9d66-1f66ef4ab8a4'),
('ceec3a45-0247-11ee-bec1-7085c296afc1', 'San Pablo', 'b0b3f71e-f3ad-416d-9d66-1f66ef4ab8a4'),
('ceec914a-0247-11ee-bec1-7085c296afc1', 'Santa Bárbara', 'b0b3f71e-f3ad-416d-9d66-1f66ef4ab8a4'),
('ceece663-0247-11ee-bec1-7085c296afc1', 'Sapuyes', 'b0b3f71e-f3ad-416d-9d66-1f66ef4ab8a4'),
('ceed3aec-0247-11ee-bec1-7085c296afc1', 'Taminango', 'b0b3f71e-f3ad-416d-9d66-1f66ef4ab8a4'),
('ceed8e33-0247-11ee-bec1-7085c296afc1', 'Tangua', 'b0b3f71e-f3ad-416d-9d66-1f66ef4ab8a4'),
('ceede33f-0247-11ee-bec1-7085c296afc1', 'Túquerres', 'b0b3f71e-f3ad-416d-9d66-1f66ef4ab8a4'),
('ceee36a7-0247-11ee-bec1-7085c296afc1', 'Yacuanquer', 'b0b3f71e-f3ad-416d-9d66-1f66ef4ab8a4'),
('ceee8a77-0247-11ee-bec1-7085c296afc1', 'Armenia', 'c7b3d3e2-239e-42c4-91ce-7eb2e2e733a3'),
('ceeedee0-0247-11ee-bec1-7085c296afc1', 'Buenavista', 'c7b3d3e2-239e-42c4-91ce-7eb2e2e733a3'),
('ceef3278-0247-11ee-bec1-7085c296afc1', 'Circasia', 'c7b3d3e2-239e-42c4-91ce-7eb2e2e733a3'),
('ceef8adb-0247-11ee-bec1-7085c296afc1', '20f7bfe4-70db-4647-8a35-580d9a9be2f4', 'c7b3d3e2-239e-42c4-91ce-7eb2e2e733a3'),
('ceefdf1a-0247-11ee-bec1-7085c296afc1', 'Filandia', 'c7b3d3e2-239e-42c4-91ce-7eb2e2e733a3'),
('cef03826-0247-11ee-bec1-7085c296afc1', 'La Tebaida', 'c7b3d3e2-239e-42c4-91ce-7eb2e2e733a3'),
('cef090ad-0247-11ee-bec1-7085c296afc1', 'Montenegro', 'c7b3d3e2-239e-42c4-91ce-7eb2e2e733a3'),
('cef0e621-0247-11ee-bec1-7085c296afc1', 'Pijao', 'c7b3d3e2-239e-42c4-91ce-7eb2e2e733a3'),
('cef13b47-0247-11ee-bec1-7085c296afc1', 'Quimbaya', 'c7b3d3e2-239e-42c4-91ce-7eb2e2e733a3'),
('cef19016-0247-11ee-bec1-7085c296afc1', 'Salento', 'c7b3d3e2-239e-42c4-91ce-7eb2e2e733a3'),
('cef1e6b3-0247-11ee-bec1-7085c296afc1', 'Pereira', '1bfcda7c-3de2-4dbb-b2f4-8daef946202b'),
('cef23b73-0247-11ee-bec1-7085c296afc1', 'Apía', '1bfcda7c-3de2-4dbb-b2f4-8daef946202b'),
('cef290f4-0247-11ee-bec1-7085c296afc1', 'Balboa', '1bfcda7c-3de2-4dbb-b2f4-8daef946202b'),
('cef2e5c1-0247-11ee-bec1-7085c296afc1', 'Dosquebradas', '1bfcda7c-3de2-4dbb-b2f4-8daef946202b'),
('cef33b9e-0247-11ee-bec1-7085c296afc1', 'Guática', '1bfcda7c-3de2-4dbb-b2f4-8daef946202b'),
('cef38fb6-0247-11ee-bec1-7085c296afc1', 'La Celia', '1bfcda7c-3de2-4dbb-b2f4-8daef946202b'),
('cef3e3c8-0247-11ee-bec1-7085c296afc1', 'La Virginia', '1bfcda7c-3de2-4dbb-b2f4-8daef946202b'),
('cef4371f-0247-11ee-bec1-7085c296afc1', 'Marsella', '1bfcda7c-3de2-4dbb-b2f4-8daef946202b'),
('cef48d0d-0247-11ee-bec1-7085c296afc1', 'Mistrató', '1bfcda7c-3de2-4dbb-b2f4-8daef946202b'),
('cef4e682-0247-11ee-bec1-7085c296afc1', 'Pueblo Rico', '1bfcda7c-3de2-4dbb-b2f4-8daef946202b'),
('cef53b45-0247-11ee-bec1-7085c296afc1', 'Quinchía', '1bfcda7c-3de2-4dbb-b2f4-8daef946202b'),
('cef590b6-0247-11ee-bec1-7085c296afc1', 'Santuario', '1bfcda7c-3de2-4dbb-b2f4-8daef946202b'),
('cef5e71a-0247-11ee-bec1-7085c296afc1', 'Bucaramanga', 'ee2b6b3c-2aa1-458d-bd8d-449f9ef5d1de'),
('cef63c22-0247-11ee-bec1-7085c296afc1', 'Aguada', 'ee2b6b3c-2aa1-458d-bd8d-449f9ef5d1de'),
('cef691cf-0247-11ee-bec1-7085c296afc1', 'Albania', 'ee2b6b3c-2aa1-458d-bd8d-449f9ef5d1de'),
('cef6e627-0247-11ee-bec1-7085c296afc1', 'Aratoca', 'ee2b6b3c-2aa1-458d-bd8d-449f9ef5d1de'),
('cef73cb1-0247-11ee-bec1-7085c296afc1', 'Barbosa', 'ee2b6b3c-2aa1-458d-bd8d-449f9ef5d1de'),
('cef7919a-0247-11ee-bec1-7085c296afc1', 'Barichara', 'ee2b6b3c-2aa1-458d-bd8d-449f9ef5d1de'),
('cef7e576-0247-11ee-bec1-7085c296afc1', 'Barrancabermeja', 'ee2b6b3c-2aa1-458d-bd8d-449f9ef5d1de'),
('cef8397e-0247-11ee-bec1-7085c296afc1', 'Betulia', 'ee2b6b3c-2aa1-458d-bd8d-449f9ef5d1de'),
('cef88fba-0247-11ee-bec1-7085c296afc1', 'Bolívar', 'ee2b6b3c-2aa1-458d-bd8d-449f9ef5d1de'),
('cef8e439-0247-11ee-bec1-7085c296afc1', 'Cabrera', 'ee2b6b3c-2aa1-458d-bd8d-449f9ef5d1de'),
('cef938c2-0247-11ee-bec1-7085c296afc1', 'California', 'ee2b6b3c-2aa1-458d-bd8d-449f9ef5d1de'),
('cef98cab-0247-11ee-bec1-7085c296afc1', 'Carcasí', 'ee2b6b3c-2aa1-458d-bd8d-449f9ef5d1de'),
('cef9dfde-0247-11ee-bec1-7085c296afc1', 'Cepitá', 'ee2b6b3c-2aa1-458d-bd8d-449f9ef5d1de'),
('cefa397a-0247-11ee-bec1-7085c296afc1', 'Cerrito', 'ee2b6b3c-2aa1-458d-bd8d-449f9ef5d1de'),
('cefa9297-0247-11ee-bec1-7085c296afc1', 'Charalá', 'ee2b6b3c-2aa1-458d-bd8d-449f9ef5d1de'),
('cefae88a-0247-11ee-bec1-7085c296afc1', 'Charta', 'ee2b6b3c-2aa1-458d-bd8d-449f9ef5d1de'),
('cefb3e91-0247-11ee-bec1-7085c296afc1', 'Chipatá', 'ee2b6b3c-2aa1-458d-bd8d-449f9ef5d1de'),
('cefb910e-0247-11ee-bec1-7085c296afc1', 'Cimitarra', 'ee2b6b3c-2aa1-458d-bd8d-449f9ef5d1de'),
('cefbe500-0247-11ee-bec1-7085c296afc1', 'Concepción', 'ee2b6b3c-2aa1-458d-bd8d-449f9ef5d1de'),
('cefc3a07-0247-11ee-bec1-7085c296afc1', 'Confines', 'ee2b6b3c-2aa1-458d-bd8d-449f9ef5d1de'),
('cefc9112-0247-11ee-bec1-7085c296afc1', 'Contratación', 'ee2b6b3c-2aa1-458d-bd8d-449f9ef5d1de'),
('cefce5a4-0247-11ee-bec1-7085c296afc1', 'Coromoro', 'ee2b6b3c-2aa1-458d-bd8d-449f9ef5d1de'),
('cefd39b4-0247-11ee-bec1-7085c296afc1', 'Curití', 'ee2b6b3c-2aa1-458d-bd8d-449f9ef5d1de'),
('cefd8ce8-0247-11ee-bec1-7085c296afc1', 'El Guacamayo', 'ee2b6b3c-2aa1-458d-bd8d-449f9ef5d1de'),
('cefde3cc-0247-11ee-bec1-7085c296afc1', 'El Playón', 'ee2b6b3c-2aa1-458d-bd8d-449f9ef5d1de'),
('cefe38ce-0247-11ee-bec1-7085c296afc1', 'Encino', 'ee2b6b3c-2aa1-458d-bd8d-449f9ef5d1de'),
('cefe8cec-0247-11ee-bec1-7085c296afc1', 'Enciso', 'ee2b6b3c-2aa1-458d-bd8d-449f9ef5d1de'),
('cefee1e6-0247-11ee-bec1-7085c296afc1', 'Florián', 'ee2b6b3c-2aa1-458d-bd8d-449f9ef5d1de'),
('ceff382a-0247-11ee-bec1-7085c296afc1', 'Floridablanca', 'ee2b6b3c-2aa1-458d-bd8d-449f9ef5d1de'),
('ceff91ed-0247-11ee-bec1-7085c296afc1', 'Galán', 'ee2b6b3c-2aa1-458d-bd8d-449f9ef5d1de'),
('ceffe717-0247-11ee-bec1-7085c296afc1', 'Gambita', 'ee2b6b3c-2aa1-458d-bd8d-449f9ef5d1de'),
('cf003baa-0247-11ee-bec1-7085c296afc1', 'Girón', 'ee2b6b3c-2aa1-458d-bd8d-449f9ef5d1de'),
('cf0091e0-0247-11ee-bec1-7085c296afc1', 'Guaca', 'ee2b6b3c-2aa1-458d-bd8d-449f9ef5d1de'),
('cf00e4ff-0247-11ee-bec1-7085c296afc1', 'Guadalupe', 'ee2b6b3c-2aa1-458d-bd8d-449f9ef5d1de'),
('cf013a5f-0247-11ee-bec1-7085c296afc1', 'Guapotá', 'ee2b6b3c-2aa1-458d-bd8d-449f9ef5d1de'),
('cf018f8f-0247-11ee-bec1-7085c296afc1', 'Guavatá', 'ee2b6b3c-2aa1-458d-bd8d-449f9ef5d1de'),
('cf01e5ec-0247-11ee-bec1-7085c296afc1', 'Güepsa', 'ee2b6b3c-2aa1-458d-bd8d-449f9ef5d1de'),
('cf023c72-0247-11ee-bec1-7085c296afc1', 'Jesús María', 'ee2b6b3c-2aa1-458d-bd8d-449f9ef5d1de'),
('cf029211-0247-11ee-bec1-7085c296afc1', 'Jordán', 'ee2b6b3c-2aa1-458d-bd8d-449f9ef5d1de'),
('cf02e642-0247-11ee-bec1-7085c296afc1', 'La Belleza', 'ee2b6b3c-2aa1-458d-bd8d-449f9ef5d1de'),
('cf033bf8-0247-11ee-bec1-7085c296afc1', 'Landázuri', 'ee2b6b3c-2aa1-458d-bd8d-449f9ef5d1de'),
('cf039054-0247-11ee-bec1-7085c296afc1', 'La Paz', 'ee2b6b3c-2aa1-458d-bd8d-449f9ef5d1de'),
('cf03e431-0247-11ee-bec1-7085c296afc1', 'Lebríja', 'ee2b6b3c-2aa1-458d-bd8d-449f9ef5d1de'),
('cf0438a9-0247-11ee-bec1-7085c296afc1', 'Los Santos', 'ee2b6b3c-2aa1-458d-bd8d-449f9ef5d1de'),
('cf049181-0247-11ee-bec1-7085c296afc1', 'Macaravita', 'ee2b6b3c-2aa1-458d-bd8d-449f9ef5d1de'),
('cf04e491-0247-11ee-bec1-7085c296afc1', 'Málaga', 'ee2b6b3c-2aa1-458d-bd8d-449f9ef5d1de'),
('cf0538e3-0247-11ee-bec1-7085c296afc1', 'Matanza', 'ee2b6b3c-2aa1-458d-bd8d-449f9ef5d1de'),
('cf059368-0247-11ee-bec1-7085c296afc1', 'Mogotes', 'ee2b6b3c-2aa1-458d-bd8d-449f9ef5d1de'),
('cf05e877-0247-11ee-bec1-7085c296afc1', 'Molagavita', 'ee2b6b3c-2aa1-458d-bd8d-449f9ef5d1de'),
('cf063c76-0247-11ee-bec1-7085c296afc1', 'Ocamonte', 'ee2b6b3c-2aa1-458d-bd8d-449f9ef5d1de'),
('cf069117-0247-11ee-bec1-7085c296afc1', 'Oiba', 'ee2b6b3c-2aa1-458d-bd8d-449f9ef5d1de'),
('cf06e796-0247-11ee-bec1-7085c296afc1', 'Onzaga', 'ee2b6b3c-2aa1-458d-bd8d-449f9ef5d1de'),
('cf073c9e-0247-11ee-bec1-7085c296afc1', 'Palmar', 'ee2b6b3c-2aa1-458d-bd8d-449f9ef5d1de'),
('cf0791f4-0247-11ee-bec1-7085c296afc1', 'Páramo', 'ee2b6b3c-2aa1-458d-bd8d-449f9ef5d1de'),
('cf07e62e-0247-11ee-bec1-7085c296afc1', 'Piedecuesta', 'ee2b6b3c-2aa1-458d-bd8d-449f9ef5d1de'),
('cf083b92-0247-11ee-bec1-7085c296afc1', 'Pinchote', 'ee2b6b3c-2aa1-458d-bd8d-449f9ef5d1de'),
('cf088f96-0247-11ee-bec1-7085c296afc1', 'Puente Nacional', 'ee2b6b3c-2aa1-458d-bd8d-449f9ef5d1de'),
('cf08e4fa-0247-11ee-bec1-7085c296afc1', 'Rionegro', 'ee2b6b3c-2aa1-458d-bd8d-449f9ef5d1de'),
('cf0939ac-0247-11ee-bec1-7085c296afc1', 'San Andrés', 'ee2b6b3c-2aa1-458d-bd8d-449f9ef5d1de'),
('cf098db7-0247-11ee-bec1-7085c296afc1', 'San Gil', 'ee2b6b3c-2aa1-458d-bd8d-449f9ef5d1de'),
('cf09e777-0247-11ee-bec1-7085c296afc1', 'San Joaquín', 'ee2b6b3c-2aa1-458d-bd8d-449f9ef5d1de'),
('cf0a3bc9-0247-11ee-bec1-7085c296afc1', 'San Miguel', 'ee2b6b3c-2aa1-458d-bd8d-449f9ef5d1de'),
('cf0a8f24-0247-11ee-bec1-7085c296afc1', 'Santa Bárbara', 'ee2b6b3c-2aa1-458d-bd8d-449f9ef5d1de'),
('cf0ae531-0247-11ee-bec1-7085c296afc1', 'Simacota', 'ee2b6b3c-2aa1-458d-bd8d-449f9ef5d1de'),
('cf0b7bd3-0247-11ee-bec1-7085c296afc1', 'Socorro', 'ee2b6b3c-2aa1-458d-bd8d-449f9ef5d1de'),
('cf0c0a1f-0247-11ee-bec1-7085c296afc1', 'Suaita', 'ee2b6b3c-2aa1-458d-bd8d-449f9ef5d1de'),
('cf0c999c-0247-11ee-bec1-7085c296afc1', 'b8f5469b-0db2-47e5-8ea0-d1838ed3137a', 'ee2b6b3c-2aa1-458d-bd8d-449f9ef5d1de'),
('cf0d27ba-0247-11ee-bec1-7085c296afc1', 'Suratá', 'ee2b6b3c-2aa1-458d-bd8d-449f9ef5d1de'),
('cf0d7cb4-0247-11ee-bec1-7085c296afc1', 'Tona', 'ee2b6b3c-2aa1-458d-bd8d-449f9ef5d1de'),
('cf0dd15a-0247-11ee-bec1-7085c296afc1', 'Vélez', 'ee2b6b3c-2aa1-458d-bd8d-449f9ef5d1de'),
('cf0e2a8f-0247-11ee-bec1-7085c296afc1', 'Vetas', 'ee2b6b3c-2aa1-458d-bd8d-449f9ef5d1de'),
('cf0e7f97-0247-11ee-bec1-7085c296afc1', 'Villanueva', 'ee2b6b3c-2aa1-458d-bd8d-449f9ef5d1de'),
('cf0ed430-0247-11ee-bec1-7085c296afc1', 'Zapatoca', 'ee2b6b3c-2aa1-458d-bd8d-449f9ef5d1de'),
('cf0f2b50-0247-11ee-bec1-7085c296afc1', 'Sincelejo', 'b8f5469b-0db2-47e5-8ea0-d1838ed3137a'),
('cf0f81c4-0247-11ee-bec1-7085c296afc1', 'Buenavista', 'b8f5469b-0db2-47e5-8ea0-d1838ed3137a'),
('cf0fd727-0247-11ee-bec1-7085c296afc1', 'Caimito', 'b8f5469b-0db2-47e5-8ea0-d1838ed3137a'),
('cf102ae3-0247-11ee-bec1-7085c296afc1', 'Coloso', 'b8f5469b-0db2-47e5-8ea0-d1838ed3137a'),
('cf108001-0247-11ee-bec1-7085c296afc1', 'Coveñas', 'b8f5469b-0db2-47e5-8ea0-d1838ed3137a'),
('cf10d708-0247-11ee-bec1-7085c296afc1', 'Chalán', 'b8f5469b-0db2-47e5-8ea0-d1838ed3137a'),
('cf112b24-0247-11ee-bec1-7085c296afc1', 'El Roble', 'b8f5469b-0db2-47e5-8ea0-d1838ed3137a'),
('cf1180bc-0247-11ee-bec1-7085c296afc1', 'Galeras', 'b8f5469b-0db2-47e5-8ea0-d1838ed3137a'),
('cf11d9c4-0247-11ee-bec1-7085c296afc1', 'Guaranda', 'b8f5469b-0db2-47e5-8ea0-d1838ed3137a'),
('cf122e5b-0247-11ee-bec1-7085c296afc1', 'La Unión', 'b8f5469b-0db2-47e5-8ea0-d1838ed3137a'),
('cf1282ab-0247-11ee-bec1-7085c296afc1', 'Los Palmitos', 'b8f5469b-0db2-47e5-8ea0-d1838ed3137a'),
('cf12d727-0247-11ee-bec1-7085c296afc1', 'Majagual', 'b8f5469b-0db2-47e5-8ea0-d1838ed3137a'),
('cf132b11-0247-11ee-bec1-7085c296afc1', 'Morroa', 'b8f5469b-0db2-47e5-8ea0-d1838ed3137a'),
('cf13841a-0247-11ee-bec1-7085c296afc1', 'Ovejas', 'b8f5469b-0db2-47e5-8ea0-d1838ed3137a'),
('cf13d7e0-0247-11ee-bec1-7085c296afc1', 'Palmito', 'b8f5469b-0db2-47e5-8ea0-d1838ed3137a'),
('cf142b1a-0247-11ee-bec1-7085c296afc1', 'San Benito Abad', 'b8f5469b-0db2-47e5-8ea0-d1838ed3137a'),
('cf148118-0247-11ee-bec1-7085c296afc1', 'San Marcos', 'b8f5469b-0db2-47e5-8ea0-d1838ed3137a'),
('cf14d6ce-0247-11ee-bec1-7085c296afc1', 'San Onofre', 'b8f5469b-0db2-47e5-8ea0-d1838ed3137a'),
('cf152ba5-0247-11ee-bec1-7085c296afc1', 'San Pedro', 'b8f5469b-0db2-47e5-8ea0-d1838ed3137a'),
('cf15809d-0247-11ee-bec1-7085c296afc1', 'b8f5469b-0db2-47e5-8ea0-d1838ed3137a', 'b8f5469b-0db2-47e5-8ea0-d1838ed3137a'),
('cf15d662-0247-11ee-bec1-7085c296afc1', 'Tolú Viejo', 'b8f5469b-0db2-47e5-8ea0-d1838ed3137a'),
('cf162a36-0247-11ee-bec1-7085c296afc1', 'Alpujarra', '6b6b252e-870f-47db-83ed-dc040d7e70f8'),
('cf167f19-0247-11ee-bec1-7085c296afc1', 'Alvarado', '6b6b252e-870f-47db-83ed-dc040d7e70f8'),
('cf16d730-0247-11ee-bec1-7085c296afc1', 'Ambalema', '6b6b252e-870f-47db-83ed-dc040d7e70f8'),
('cf172e19-0247-11ee-bec1-7085c296afc1', 'Armero', '6b6b252e-870f-47db-83ed-dc040d7e70f8'),
('cf17827e-0247-11ee-bec1-7085c296afc1', 'Ataco', '6b6b252e-870f-47db-83ed-dc040d7e70f8'),
('cf17d647-0247-11ee-bec1-7085c296afc1', 'Cajamarca', '6b6b252e-870f-47db-83ed-dc040d7e70f8'),
('cf182aa6-0247-11ee-bec1-7085c296afc1', 'Chaparral', '6b6b252e-870f-47db-83ed-dc040d7e70f8'),
('cf187f41-0247-11ee-bec1-7085c296afc1', 'Coello', '6b6b252e-870f-47db-83ed-dc040d7e70f8'),
('cf18d76c-0247-11ee-bec1-7085c296afc1', 'Coyaima', '6b6b252e-870f-47db-83ed-dc040d7e70f8'),
('cf192b89-0247-11ee-bec1-7085c296afc1', 'Cunday', '6b6b252e-870f-47db-83ed-dc040d7e70f8'),
('cf197f9c-0247-11ee-bec1-7085c296afc1', 'Dolores', '6b6b252e-870f-47db-83ed-dc040d7e70f8'),
('cf19d518-0247-11ee-bec1-7085c296afc1', 'Espinal', '6b6b252e-870f-47db-83ed-dc040d7e70f8'),
('cf1a299b-0247-11ee-bec1-7085c296afc1', 'Falan', '6b6b252e-870f-47db-83ed-dc040d7e70f8'),
('cf1a7de8-0247-11ee-bec1-7085c296afc1', 'Flandes', '6b6b252e-870f-47db-83ed-dc040d7e70f8'),
('cf1ad5e0-0247-11ee-bec1-7085c296afc1', 'Fresno', '6b6b252e-870f-47db-83ed-dc040d7e70f8'),
('cf1b2998-0247-11ee-bec1-7085c296afc1', 'Guamo', '6b6b252e-870f-47db-83ed-dc040d7e70f8'),
('cf1b7d2f-0247-11ee-bec1-7085c296afc1', 'Herveo', '6b6b252e-870f-47db-83ed-dc040d7e70f8'),
('cf1bd103-0247-11ee-bec1-7085c296afc1', 'Honda', '6b6b252e-870f-47db-83ed-dc040d7e70f8'),
('cf1c2772-0247-11ee-bec1-7085c296afc1', 'Icononzo', '6b6b252e-870f-47db-83ed-dc040d7e70f8'),
('cf1c7c73-0247-11ee-bec1-7085c296afc1', 'Mariquita', '6b6b252e-870f-47db-83ed-dc040d7e70f8'),
('cf1cd0ef-0247-11ee-bec1-7085c296afc1', 'Melgar', '6b6b252e-870f-47db-83ed-dc040d7e70f8'),
('cf1d2530-0247-11ee-bec1-7085c296afc1', 'Murillo', '6b6b252e-870f-47db-83ed-dc040d7e70f8'),
('cf1d78ab-0247-11ee-bec1-7085c296afc1', 'Natagaima', '6b6b252e-870f-47db-83ed-dc040d7e70f8'),
('cf1dd08a-0247-11ee-bec1-7085c296afc1', 'Ortega', '6b6b252e-870f-47db-83ed-dc040d7e70f8'),
('cf1e71ac-0247-11ee-bec1-7085c296afc1', 'Palocabildo', '6b6b252e-870f-47db-83ed-dc040d7e70f8'),
('cf1ec884-0247-11ee-bec1-7085c296afc1', 'Piedras', '6b6b252e-870f-47db-83ed-dc040d7e70f8'),
('cf1f1d6e-0247-11ee-bec1-7085c296afc1', 'Planadas', '6b6b252e-870f-47db-83ed-dc040d7e70f8'),
('cf1f70e5-0247-11ee-bec1-7085c296afc1', 'Prado', '6b6b252e-870f-47db-83ed-dc040d7e70f8'),
('cf1fc4b7-0247-11ee-bec1-7085c296afc1', 'Purificación', '6b6b252e-870f-47db-83ed-dc040d7e70f8'),
('cf201ae3-0247-11ee-bec1-7085c296afc1', 'Rio Blanco', '6b6b252e-870f-47db-83ed-dc040d7e70f8'),
('cf206f65-0247-11ee-bec1-7085c296afc1', 'Roncesvalles', '6b6b252e-870f-47db-83ed-dc040d7e70f8'),
('cf20c531-0247-11ee-bec1-7085c296afc1', 'Rovira', '6b6b252e-870f-47db-83ed-dc040d7e70f8'),
('cf211a93-0247-11ee-bec1-7085c296afc1', 'Saldaña', '6b6b252e-870f-47db-83ed-dc040d7e70f8'),
('cf2170de-0247-11ee-bec1-7085c296afc1', 'Santa Isabel', '6b6b252e-870f-47db-83ed-dc040d7e70f8'),
('cf21c4d1-0247-11ee-bec1-7085c296afc1', 'Venadillo', '6b6b252e-870f-47db-83ed-dc040d7e70f8'),
('cf2218c9-0247-11ee-bec1-7085c296afc1', 'Villahermosa', '6b6b252e-870f-47db-83ed-dc040d7e70f8'),
('cf226c8f-0247-11ee-bec1-7085c296afc1', 'Villarrica', '6b6b252e-870f-47db-83ed-dc040d7e70f8'),
('cf22c1ad-0247-11ee-bec1-7085c296afc1', 'Arauquita', 'f932e5c6-10e1-4052-a335-4ad87a95c441'),
('cf231b5a-0247-11ee-bec1-7085c296afc1', 'Cravo Norte', 'f932e5c6-10e1-4052-a335-4ad87a95c441'),
('cf236f50-0247-11ee-bec1-7085c296afc1', 'Fortul', 'f932e5c6-10e1-4052-a335-4ad87a95c441'),
('cf23c2b1-0247-11ee-bec1-7085c296afc1', 'Puerto Rondón', 'f932e5c6-10e1-4052-a335-4ad87a95c441'),
('cf241a3f-0247-11ee-bec1-7085c296afc1', 'Saravena', 'f932e5c6-10e1-4052-a335-4ad87a95c441'),
('cf246f60-0247-11ee-bec1-7085c296afc1', 'Tame', 'f932e5c6-10e1-4052-a335-4ad87a95c441'),
('cf24c684-0247-11ee-bec1-7085c296afc1', 'f932e5c6-10e1-4052-a335-4ad87a95c441', 'f932e5c6-10e1-4052-a335-4ad87a95c441'),
('cf251c8b-0247-11ee-bec1-7085c296afc1', 'Yopal', 'f47ac10b-58cc-4372-a567-0e02b2c3d479'),
('cf25739b-0247-11ee-bec1-7085c296afc1', 'Aguazul', 'f47ac10b-58cc-4372-a567-0e02b2c3d479'),
('cf263192-0247-11ee-bec1-7085c296afc1', 'Chámeza', 'f47ac10b-58cc-4372-a567-0e02b2c3d479'),
('cf26cfd3-0247-11ee-bec1-7085c296afc1', 'Hato Corozal', 'f47ac10b-58cc-4372-a567-0e02b2c3d479'),
('cf27250a-0247-11ee-bec1-7085c296afc1', 'La Salina', 'f47ac10b-58cc-4372-a567-0e02b2c3d479'),
('cf277cbc-0247-11ee-bec1-7085c296afc1', 'Monterrey', 'f47ac10b-58cc-4372-a567-0e02b2c3d479'),
('cf27d1d2-0247-11ee-bec1-7085c296afc1', 'Pore', 'f47ac10b-58cc-4372-a567-0e02b2c3d479'),
('cf2826c7-0247-11ee-bec1-7085c296afc1', 'Recetor', 'f47ac10b-58cc-4372-a567-0e02b2c3d479'),
('cf287b00-0247-11ee-bec1-7085c296afc1', 'Sabanalarga', 'f47ac10b-58cc-4372-a567-0e02b2c3d479'),
('cf28cf5c-0247-11ee-bec1-7085c296afc1', 'Sácama', 'f47ac10b-58cc-4372-a567-0e02b2c3d479'),
('cf29291a-0247-11ee-bec1-7085c296afc1', 'Tauramena', 'f47ac10b-58cc-4372-a567-0e02b2c3d479'),
('cf297d73-0247-11ee-bec1-7085c296afc1', 'Trinidad', 'f47ac10b-58cc-4372-a567-0e02b2c3d479'),
('cf29d265-0247-11ee-bec1-7085c296afc1', 'Villanueva', 'f47ac10b-58cc-4372-a567-0e02b2c3d479'),
('cf2a285b-0247-11ee-bec1-7085c296afc1', 'Mocoa', '6845e944-3c97-49b9-bf0d-6336e3e4da92'),
('cf2a7b91-0247-11ee-bec1-7085c296afc1', 'Colón', '6845e944-3c97-49b9-bf0d-6336e3e4da92'),
('cf2acfca-0247-11ee-bec1-7085c296afc1', 'Orito', '6845e944-3c97-49b9-bf0d-6336e3e4da92'),
('cf2b23eb-0247-11ee-bec1-7085c296afc1', 'Puerto Caicedo', '6845e944-3c97-49b9-bf0d-6336e3e4da92'),
('cf2b79a0-0247-11ee-bec1-7085c296afc1', 'Puerto Guzmán', '6845e944-3c97-49b9-bf0d-6336e3e4da92'),
('cf2bce9b-0247-11ee-bec1-7085c296afc1', 'Leguízamo', '6845e944-3c97-49b9-bf0d-6336e3e4da92'),
('cf2c229f-0247-11ee-bec1-7085c296afc1', 'Sibundoy', '6845e944-3c97-49b9-bf0d-6336e3e4da92'),
('cf2c75c9-0247-11ee-bec1-7085c296afc1', 'San Francisco', '6845e944-3c97-49b9-bf0d-6336e3e4da92'),
('cf2d1652-0247-11ee-bec1-7085c296afc1', 'San Miguel', '6845e944-3c97-49b9-bf0d-6336e3e4da92'),
('cf2d6ad2-0247-11ee-bec1-7085c296afc1', 'Santiago', '6845e944-3c97-49b9-bf0d-6336e3e4da92'),
('cf2dbfd8-0247-11ee-bec1-7085c296afc1', 'Leticia', '4a5de8d5-7174-4e72-8d1d-9406bcabb3dd'),
('cf2e144d-0247-11ee-bec1-7085c296afc1', 'El Encanto', '4a5de8d5-7174-4e72-8d1d-9406bcabb3dd'),
('cf2e6d62-0247-11ee-bec1-7085c296afc1', 'La Chorrera', '4a5de8d5-7174-4e72-8d1d-9406bcabb3dd'),
('cf2ec50a-0247-11ee-bec1-7085c296afc1', 'La Pedrera', '4a5de8d5-7174-4e72-8d1d-9406bcabb3dd'),
('cf2f1a4a-0247-11ee-bec1-7085c296afc1', 'La Victoria', '4a5de8d5-7174-4e72-8d1d-9406bcabb3dd'),
('cf2f70e2-0247-11ee-bec1-7085c296afc1', 'Puerto Arica', '4a5de8d5-7174-4e72-8d1d-9406bcabb3dd'),
('cf2fc531-0247-11ee-bec1-7085c296afc1', 'Puerto Nariño', '4a5de8d5-7174-4e72-8d1d-9406bcabb3dd'),
('cf301a69-0247-11ee-bec1-7085c296afc1', 'Puerto Boyacá', '4a5de8d5-7174-4e72-8d1d-9406bcabb3dd'),
('cf306e84-0247-11ee-bec1-7085c296afc1', 'Tarapacá', '4a5de8d5-7174-4e72-8d1d-9406bcabb3dd'),
('cf30c3a8-0247-11ee-bec1-7085c296afc1', 'Inírida', 'fe6b9e0c-bf25-4458-9433-ba6c7b588f01'),
('cf31173e-0247-11ee-bec1-7085c296afc1', 'Barranco Minas', 'fe6b9e0c-bf25-4458-9433-ba6c7b588f01'),
('cf316ac6-0247-11ee-bec1-7085c296afc1', 'Mapiripana', 'fe6b9e0c-bf25-4458-9433-ba6c7b588f01'),
('cf31c115-0247-11ee-bec1-7085c296afc1', 'San Felipe', 'fe6b9e0c-bf25-4458-9433-ba6c7b588f01'),
('cf321578-0247-11ee-bec1-7085c296afc1', 'Puerto Colombia', 'fe6b9e0c-bf25-4458-9433-ba6c7b588f01'),
('cf326a5b-0247-11ee-bec1-7085c296afc1', 'La Guadalupe', 'fe6b9e0c-bf25-4458-9433-ba6c7b588f01'),
('cf32bec8-0247-11ee-bec1-7085c296afc1', 'Cacahual', 'fe6b9e0c-bf25-4458-9433-ba6c7b588f01'),
('cf3312bd-0247-11ee-bec1-7085c296afc1', 'Pana Pana', 'fe6b9e0c-bf25-4458-9433-ba6c7b588f01'),
('cf336c32-0247-11ee-bec1-7085c296afc1', 'Mitú', '42eae913-8dfb-42b1-8f02-2b87d74d53e0'),
('cf33c0c8-0247-11ee-bec1-7085c296afc1', 'Carurú', '42eae913-8dfb-42b1-8f02-2b87d74d53e0'),
('cf341506-0247-11ee-bec1-7085c296afc1', 'Taraira', '42eae913-8dfb-42b1-8f02-2b87d74d53e0'),
('cf346a8e-0247-11ee-bec1-7085c296afc1', 'Papunahua', '42eae913-8dfb-42b1-8f02-2b87d74d53e0'),
('cf34bd96-0247-11ee-bec1-7085c296afc1', 'Yavaraté', '42eae913-8dfb-42b1-8f02-2b87d74d53e0'),
('cf351153-0247-11ee-bec1-7085c296afc1', 'Pacoa', '42eae913-8dfb-42b1-8f02-2b87d74d53e0'),
('cf3567e5-0247-11ee-bec1-7085c296afc1', 'Morichal', 'fe6b9e0c-bf25-4458-9433-ba6c7b588f01'),
('cf35bf0c-0247-11ee-bec1-7085c296afc1', 'Puerto Carreño', 'aebd9fbc-c6af-49e9-8352-7737330368eb'),
('cf361423-0247-11ee-bec1-7085c296afc1', 'La Primavera', 'aebd9fbc-c6af-49e9-8352-7737330368eb'),
('cf36683e-0247-11ee-bec1-7085c296afc1', 'Santa Rosalía', 'aebd9fbc-c6af-49e9-8352-7737330368eb'),
('cf36bc29-0247-11ee-bec1-7085c296afc1', 'Cumaribo', 'aebd9fbc-c6af-49e9-8352-7737330368eb'),
('cf3712b6-0247-11ee-bec1-7085c296afc1', 'San José del Fragua', '912d15ed-3b42-4889-97a3-9420b512e992'),
('cf376775-0247-11ee-bec1-7085c296afc1', 'Barranca de Upía', '2d9aebe5-8a0a-4f86-9975-52d3f58b7f6f'),
('cf37bd38-0247-11ee-bec1-7085c296afc1', 'Palmas del Socorro', 'ee2b6b3c-2aa1-458d-bd8d-449f9ef5d1de'),
('cf381264-0247-11ee-bec1-7085c296afc1', 'San Juan de Río Seco', '5f760c3e-1e27-4eae-916e-3b8eac22bc21'),
('cf38659c-0247-11ee-bec1-7085c296afc1', 'Juan de Acosta', '361d3cc0-22d2-49e2-9a4c-9793db5c7290'),
('cf38be21-0247-11ee-bec1-7085c296afc1', 'Fuente de Oro', '2d9aebe5-8a0a-4f86-9975-52d3f58b7f6f'),
('cf391252-0247-11ee-bec1-7085c296afc1', 'San Luis de Gaceno', 'f47ac10b-58cc-4372-a567-0e02b2c3d479'),
('cf3965f5-0247-11ee-bec1-7085c296afc1', 'El Litoral del San Juan', '46c065e1-f0b6-40c1-95f1-6d84a6178577'),
('cf39bc92-0247-11ee-bec1-7085c296afc1', 'Villa de San Diego de Ubate', '5f760c3e-1e27-4eae-916e-3b8eac22bc21'),
('cf3a1033-0247-11ee-bec1-7085c296afc1', 'Barranco de Loba', '98a0d6d5-1cc9-4dd2-93c2-2fd29ee7b8ae'),
('cf3a6452-0247-11ee-bec1-7085c296afc1', 'Togüí', '2081c689-8959-4812-89f0-d0896dc2e542'),
('cf3aba88-0247-11ee-bec1-7085c296afc1', 'Santa Rosa del Sur', '98a0d6d5-1cc9-4dd2-93c2-2fd29ee7b8ae'),
('cf3b125d-0247-11ee-bec1-7085c296afc1', 'El Cantón del San Pablo', '46c065e1-f0b6-40c1-95f1-6d84a6178577'),
('cf3b6743-0247-11ee-bec1-7085c296afc1', 'Villa de Leyva', '2081c689-8959-4812-89f0-d0896dc2e542'),
('cf3bbc11-0247-11ee-bec1-7085c296afc1', 'San Sebastián de Buenavista', '3f5c803a-b13e-4bc1-ae53-21c07fb9a786'),
('cf3c0f6d-0247-11ee-bec1-7085c296afc1', 'Paz de Río', '2081c689-8959-4812-89f0-d0896dc2e542'),
('cf3c65c3-0247-11ee-bec1-7085c296afc1', 'Hatillo de Loba', '98a0d6d5-1cc9-4dd2-93c2-2fd29ee7b8ae'),
('cf3cba92-0247-11ee-bec1-7085c296afc1', 'Sabanas de San Angel', '3f5c803a-b13e-4bc1-ae53-21c07fb9a786'),
('cf3d0fc1-0247-11ee-bec1-7085c296afc1', 'Calamar', '0b36f994-7ea2-42b1-8baf-68e0d10fcfcf'),
('cf3d63c9-0247-11ee-bec1-7085c296afc1', 'Río de Oro', '32f00317-0fd0-468e-9fcf-d7ad6a811b0a'),
('cf3db8a9-0247-11ee-bec1-7085c296afc1', 'San Pedro de Uraba', 'b062e57e-42e0-446d-8923-0454c70a9d85'),
('cf3e130b-0247-11ee-bec1-7085c296afc1', 'San José del 0b36f994-7ea2-42b1-8baf-68e0d10fcfcf', '0b36f994-7ea2-42b1-8baf-68e0d10fcfcf'),
('cf3e6869-0247-11ee-bec1-7085c296afc1', 'Santa Rosa de Viterbo', '2081c689-8959-4812-89f0-d0896dc2e542'),
('cf3ebc5c-0247-11ee-bec1-7085c296afc1', 'ee2b6b3c-2aa1-458d-bd8d-449f9ef5d1de de Quilichao', 'b4a010fe-35af-41c7-8f11-d3d5253a7be0'),
('cf3f6976-0247-11ee-bec1-7085c296afc1', 'Miraflores', '0b36f994-7ea2-42b1-8baf-68e0d10fcfcf'),
('cf3fbfd9-0247-11ee-bec1-7085c296afc1', 'Santafé de b062e57e-42e0-446d-8923-0454c70a9d85', 'b062e57e-42e0-446d-8923-0454c70a9d85'),
('cf401501-0247-11ee-bec1-7085c296afc1', 'San Carlos de Guaroa', '2d9aebe5-8a0a-4f86-9975-52d3f58b7f6f'),
('cf4069a5-0247-11ee-bec1-7085c296afc1', 'Palmar de Varela', '361d3cc0-22d2-49e2-9a4c-9793db5c7290'),
('cf40be07-0247-11ee-bec1-7085c296afc1', 'Santa Rosa de Osos', 'b062e57e-42e0-446d-8923-0454c70a9d85'),
('cf41175d-0247-11ee-bec1-7085c296afc1', 'San Andrés de Cuerquía', 'b062e57e-42e0-446d-8923-0454c70a9d85'),
('cf416bce-0247-11ee-bec1-7085c296afc1', 'Valle de San Juan', '6b6b252e-870f-47db-83ed-dc040d7e70f8'),
('cf41c0f2-0247-11ee-bec1-7085c296afc1', 'San Vicente de Chucurí', 'ee2b6b3c-2aa1-458d-bd8d-449f9ef5d1de'),
('cf4215cd-0247-11ee-bec1-7085c296afc1', 'San José de Miranda', 'ee2b6b3c-2aa1-458d-bd8d-449f9ef5d1de'),
('cf426f0d-0247-11ee-bec1-7085c296afc1', 'Providencia', '888a2e46-8087-44e0-9f7a-161617d89c25'),
('cf42c411-0247-11ee-bec1-7085c296afc1', 'Santa Rosa de Cabal', '1bfcda7c-3de2-4dbb-b2f4-8daef946202b'),
('cf43180f-0247-11ee-bec1-7085c296afc1', 'Guayabal de Siquima', '5f760c3e-1e27-4eae-916e-3b8eac22bc21'),
('cf436e1e-0247-11ee-bec1-7085c296afc1', 'Belén de Los Andaquies', '912d15ed-3b42-4889-97a3-9420b512e992'),
('cf43c113-0247-11ee-bec1-7085c296afc1', 'Paz de Ariporo', 'f47ac10b-58cc-4372-a567-0e02b2c3d479'),
('cf44143d-0247-11ee-bec1-7085c296afc1', 'Santa Helena del Opón', 'ee2b6b3c-2aa1-458d-bd8d-449f9ef5d1de'),
('cf4468a8-0247-11ee-bec1-7085c296afc1', 'San Pablo de Borbur', '2081c689-8959-4812-89f0-d0896dc2e542'),
('cf44beef-0247-11ee-bec1-7085c296afc1', 'La Jagua del Pilar', 'e620c7c7-5477-4a5b-8165-53b4e6d542fe'),
('cf451324-0247-11ee-bec1-7085c296afc1', 'La Jagua de Ibirico', '32f00317-0fd0-468e-9fcf-d7ad6a811b0a'),
('cf456654-0247-11ee-bec1-7085c296afc1', 'San Luis de Sincé', 'b8f5469b-0db2-47e5-8ea0-d1838ed3137a'),
('cf45bb3b-0247-11ee-bec1-7085c296afc1', 'San Luis de Gaceno', '2081c689-8959-4812-89f0-d0896dc2e542'),
('cf46121a-0247-11ee-bec1-7085c296afc1', 'El Carmen de Bolívar', '98a0d6d5-1cc9-4dd2-93c2-2fd29ee7b8ae'),
('cf4665fe-0247-11ee-bec1-7085c296afc1', 'El Carmen de Atrato', '46c065e1-f0b6-40c1-95f1-6d84a6178577'),
('cf46bacc-0247-11ee-bec1-7085c296afc1', 'San Juan de Betulia', 'b8f5469b-0db2-47e5-8ea0-d1838ed3137a'),
('cf470f3b-0247-11ee-bec1-7085c296afc1', 'Pijiño del Carmen', '3f5c803a-b13e-4bc1-ae53-21c07fb9a786'),
('cf4767eb-0247-11ee-bec1-7085c296afc1', 'Vigía del Fuerte', 'b062e57e-42e0-446d-8923-0454c70a9d85'),
('cf47bca4-0247-11ee-bec1-7085c296afc1', 'San Martín de Loba', '98a0d6d5-1cc9-4dd2-93c2-2fd29ee7b8ae'),
('cf4810d8-0247-11ee-bec1-7085c296afc1', 'Altos del Rosario', '98a0d6d5-1cc9-4dd2-93c2-2fd29ee7b8ae'),
('cf486926-0247-11ee-bec1-7085c296afc1', 'Carmen de Apicala', '6b6b252e-870f-47db-83ed-dc040d7e70f8'),
('cf48bde8-0247-11ee-bec1-7085c296afc1', 'San Antonio del Tequendama', '5f760c3e-1e27-4eae-916e-3b8eac22bc21'),
('cf4911db-0247-11ee-bec1-7085c296afc1', 'Sabana de Torres', 'ee2b6b3c-2aa1-458d-bd8d-449f9ef5d1de'),
('cf49688a-0247-11ee-bec1-7085c296afc1', 'El Retorno', '0b36f994-7ea2-42b1-8baf-68e0d10fcfcf'),
('cf49bd3a-0247-11ee-bec1-7085c296afc1', 'San José de Uré', '20f7bfe4-70db-4647-8a35-580d9a9be2f4'),
('cf4a118b-0247-11ee-bec1-7085c296afc1', 'San Pedro de Cartago', 'b0b3f71e-f3ad-416d-9d66-1f66ef4ab8a4'),
('cf4a65f9-0247-11ee-bec1-7085c296afc1', 'Campo de La Cruz', '361d3cc0-22d2-49e2-9a4c-9793db5c7290'),
('cf4abc87-0247-11ee-bec1-7085c296afc1', 'San Juan de Arama', '2d9aebe5-8a0a-4f86-9975-52d3f58b7f6f'),
('cf4b107f-0247-11ee-bec1-7085c296afc1', 'San José de La Montaña', 'b062e57e-42e0-446d-8923-0454c70a9d85'),
('cf4c3c4f-0247-11ee-bec1-7085c296afc1', 'Cartagena del Chairá', '912d15ed-3b42-4889-97a3-9420b512e992'),
('cf4cb328-0247-11ee-bec1-7085c296afc1', 'San José del Palmar', '46c065e1-f0b6-40c1-95f1-6d84a6178577'),
('cf4d08f6-0247-11ee-bec1-7085c296afc1', 'Agua de Dios', '5f760c3e-1e27-4eae-916e-3b8eac22bc21'),
('cf4d5c48-0247-11ee-bec1-7085c296afc1', 'San Jacinto del Cauca', '98a0d6d5-1cc9-4dd2-93c2-2fd29ee7b8ae'),
('cf4db4c9-0247-11ee-bec1-7085c296afc1', 'San Agustín', 'd40647bc-15b1-4e43-b5fd-3d7ef35c588e'),
('cf4e0ad6-0247-11ee-bec1-7085c296afc1', 'El Tablón de Gómez', 'b0b3f71e-f3ad-416d-9d66-1f66ef4ab8a4'),
('cf4e5f5f-0247-11ee-bec1-7085c296afc1', 'San Andrés', '888a2e46-8087-44e0-9f7a-161617d89c25'),
('cf4eb4ef-0247-11ee-bec1-7085c296afc1', 'San José de Pare', '2081c689-8959-4812-89f0-d0896dc2e542'),
('cf4f53ce-0247-11ee-bec1-7085c296afc1', 'Valle de Guamez', '6845e944-3c97-49b9-bf0d-6336e3e4da92'),
('cf4fa880-0247-11ee-bec1-7085c296afc1', 'San Pablo de Borbur', '98a0d6d5-1cc9-4dd2-93c2-2fd29ee7b8ae'),
('cf4ffdb9-0247-11ee-bec1-7085c296afc1', 'Santiago de Tolú', 'b8f5469b-0db2-47e5-8ea0-d1838ed3137a'),
('cf505169-0247-11ee-bec1-7085c296afc1', 'Bogotá D.C.', '63b54f70-c570-4b72-bb2f-dad4ff738e0b'),
('cf50a5d7-0247-11ee-bec1-7085c296afc1', 'Carmen de Carupa', '5f760c3e-1e27-4eae-916e-3b8eac22bc21'),
('cf50f900-0247-11ee-bec1-7085c296afc1', 'Ciénaga de Oro', '20f7bfe4-70db-4647-8a35-580d9a9be2f4'),
('cf514e3d-0247-11ee-bec1-7085c296afc1', 'San Juan de Urabá', 'b062e57e-42e0-446d-8923-0454c70a9d85'),
('cf51a237-0247-11ee-bec1-7085c296afc1', 'San Juan del Cesar', 'e620c7c7-5477-4a5b-8165-53b4e6d542fe'),
('cf51fe3b-0247-11ee-bec1-7085c296afc1', 'El Carmen de Chucurí', 'ee2b6b3c-2aa1-458d-bd8d-449f9ef5d1de'),
('cf525534-0247-11ee-bec1-7085c296afc1', 'El Carmen de Viboral', 'b062e57e-42e0-446d-8923-0454c70a9d85'),
('cf52aacf-0247-11ee-bec1-7085c296afc1', 'Belén de Umbría', '1bfcda7c-3de2-4dbb-b2f4-8daef946202b'),
('cf53045c-0247-11ee-bec1-7085c296afc1', 'Belén de Bajira', '46c065e1-f0b6-40c1-95f1-6d84a6178577'),
('cf535896-0247-11ee-bec1-7085c296afc1', 'Valle de San José', 'ee2b6b3c-2aa1-458d-bd8d-449f9ef5d1de'),
('cf53ad19-0247-11ee-bec1-7085c296afc1', 'San Luis', '6b6b252e-870f-47db-83ed-dc040d7e70f8'),
('cf540446-0247-11ee-bec1-7085c296afc1', 'San Miguel de Sema', '2081c689-8959-4812-89f0-d0896dc2e542'),
('cf54591b-0247-11ee-bec1-7085c296afc1', 'San Antonio', '6b6b252e-870f-47db-83ed-dc040d7e70f8'),
('cf54af25-0247-11ee-bec1-7085c296afc1', 'San Benito', 'ee2b6b3c-2aa1-458d-bd8d-449f9ef5d1de'),
('cf5504a8-0247-11ee-bec1-7085c296afc1', 'Vergara', '5f760c3e-1e27-4eae-916e-3b8eac22bc21'),
('cf555b51-0247-11ee-bec1-7085c296afc1', 'San Carlos', '20f7bfe4-70db-4647-8a35-580d9a9be2f4'),
('cf55b042-0247-11ee-bec1-7085c296afc1', 'Puerto Alegría', '4a5de8d5-7174-4e72-8d1d-9406bcabb3dd'),
('cf560507-0247-11ee-bec1-7085c296afc1', 'Hato', 'ee2b6b3c-2aa1-458d-bd8d-449f9ef5d1de'),
('cf56582c-0247-11ee-bec1-7085c296afc1', 'San Jacinto', '98a0d6d5-1cc9-4dd2-93c2-2fd29ee7b8ae'),
('cf56aefb-0247-11ee-bec1-7085c296afc1', 'San Sebastián', 'b4a010fe-35af-41c7-8f11-d3d5253a7be0'),
('cf57039d-0247-11ee-bec1-7085c296afc1', 'San Carlos', 'b062e57e-42e0-446d-8923-0454c70a9d85'),
('cf57584a-0247-11ee-bec1-7085c296afc1', 'Tuta', '2081c689-8959-4812-89f0-d0896dc2e542');

INSERT INTO `users` (`id`, `password`, `verified`, `verify_token`, `reset_password_token`, `first_login`, `created_on`, `profile_id`) VALUES
('7b5dfe67-3f3c-4617-97d2-26995798bdf5', '$2a$10$dWyslPSBXRQHGTIZrlUmqOkB1.rtKB.WAzOOPGMPLQOdPE61gmxM6', 1, '_Ly-8oiOZdVe2ohdNpE3w4D9B', NULL, 1, '2023-06-03 15:00:25.410238', 'c4b87c04-fae2-4825-978a-4f34b12c7bd3');
SET FOREIGN_KEY_CHECKS=1;
COMMIT;

/*!40101 SET CHARACTER_SET_CLIENT=@OLD_CHARACTER_SET_CLIENT */;
/*!40101 SET CHARACTER_SET_RESULTS=@OLD_CHARACTER_SET_RESULTS */;
/*!40101 SET COLLATION_CONNECTION=@OLD_COLLATION_CONNECTION */;
